" But cart has some errors.","Su carrito de compras tiene algunos errores."
" Note: Image size affects the performance of your app.","Nota: El tamaño de la imagen afecta al funcionamiento de su aplicación"
"""Description"" is more than %d characters long","La ""descripción"" tiene más que %d caracters."
"""Title"" is more than %d characters long","El ""título"" tiene más que %d caracters."
"""id"" attribute is required for a ""%s"" field.","Se requiere el atributo ""id"" para el campo ""%s""."
"""line_count"" attribute is required for ""multiline"" element.","Se requiere el atributo ""line_count"" para el elemento multilínea."
"""message"" attribute is required for ""%s"" validator rule.","Se requiere el atributo ""message"" para la validación validator rule ""%s""."
"%1$s has been added to your wishlist.","%1$s se ha agregado a su lista de deseos."
"%1$s incl tax.","%1$s incluyendo impuestos."
"%@ is not correct","%@ no es correcto"
"%s API Key required.","%s clave API requerido."
"%s Application ID required.","%s ID de aplicacion requerido."
"%s Secret Key required.","%s clave secreta requerido."
"%s attribute is required.","Se requiere el atributo %s."
"%s fields is required","Se requiere los campos %s."
"%s has been added to your cart.","%s se ha agregado a su carrito de compras."
"%s id:","%s id:"
"%s was updated in your shopping cart.","%s se ha actualizado a su carrito de compras."
"(Includes more countries than those listed below. As the application owner, you are responsible for complying with country-specific laws related to the distribution or sale of your application into that country, including your home country.)","(Includes more countries than those listed below. As the application owner, you are responsible for complying with country-specific laws related to the distribution or sale of your application into that country, including your home country.)"
"* - field is required","* Campo requerido"
"*Subject to change","* Sujeto a cambios."
"1. Please select type of the action:","1. Por favor, seleccione un tipo de acción:"
"10:40 AM","10:40 horas"
"2. Please select a page","2. Por favor, seleccione una página"
"2. Type Category Name","2. Insertar nombre de categoría"
"2. Type Product Name","2. Insertar nombre de artículo"
"80px x 80px","80px x 80px"
"80x80 px","80x80 px"
"<a href=""%s"" target=""_blank"">Login</a> to Urabn Airship.","<a href=""%s"" target=""_blank"">Acceder</a> para Urban Airship."
"<a href=""%s"" target=""_blank"">Login</a> to Urban Airship.","<a href=""%s"" target=""_blank"">Acceder</a> para Urban Airship."
"A Catalog Only App will not support functions such as add to cart, add to wishlist, or login.","A Catalog Only App will not support functions such as add to cart, add to wishlist, or login."
"A new password has been sent.","Una nueva contraseña se ha establecida."
"About","Acerca"
"Access forbidden","Acceso prohibido"
"Account","Cuenta"
"Account Information","Cuenta Información"
"Account Settings","Cuenta Configuraciones"
"Account confirmation is required. Please check your email for the confirmation link.","Cuenta Se requiere confirmación. Por favor revise su correo electrónico para el enlace de confirmación."
"Account information has been saved.","Cuenta Información ha sido guardada."
"Action","Acción"
"Action type does\'t recognized","Tipo de acción no reconocido."
"Action type does\'t recognized.","Tipo de acción no reconocido."
"Action type doesn\'t recognized.","Tipo de acción no reconocido."
"Activate","Activar"
"Activate PayPal Checkout","Habilitar pagar por PayPal"
"Activate PayPal MECL","Habilitar MECL de PayPal."
"Activation Key","La clave de activación"
"Add","Añadir"
"Add Action","Nueva acción"
"Add Address from Contacts","Añadir direcciones de los contactos"
"Add App","Nueva app"
"Add Custom","Nuevo cliente"
"Add New Address","Nueva dirección"
"Add New Template","Nueva plantilla"
"Add Page","Nueva página"
"Add To Wishlist","Añadir a la lista de deseos"
"Add a billing address","Nueva dirección de facturación"
"Add a shipping address","Nueva dirección de envío"
"Add to Cart","Añadir al carrito de compras"
"Add to Wishlist","Añadir a la lista de deseos"
"Adding Product to Cart...","Añadir artículo al carrito de compras"
"Adding Product to WishList...","Añadir artículo a la lista de deseos"
"Additional Address","Dirección adicional"
"Additional Info","Informacion adicional"
"Address","Dirección"
"Address 2","Dirección 2"
"Address Book","Libreta de direcciones"
"Address Book Updated","Actualización de la libreta de direcciones"
"Address Info","Informacion de dirección"
"Address book is empty","Libreta de direcciones está vacía"
"Address data not specified.","Datos de dirección no especificados."
"Address does not belong to this customer.","Dirección no corresponde al cliente"
"Address has been deleted.","Dirección fue eliminada."
"Address has been saved.","Dirección fue grabada."
"Admin Application Settings","Admin Configuración de la aplicación"
"Admin Mobile Application","Admin Aplicación móvil"
"Admin application has not been enabled","Admin La aplicación no se ha activado"
"Administrative contact for this app and for app submission issues.","Contacto administrativo para esta aplicación y por cuestiones de presentación de la aplicación."
"Advanced Settings","Configuración avanzada"
"After submitting the App to Magento, please contact <a href=""mailto:%1$s"">%1$s</a> to receive the Application Key, Application Secret and Application Master Secret.","After submitting the App to Magento, please contact <a href=""mailto:%1$s"">%1$s</a> to receive the Application Key, Application Secret and Application Master Secret."
"AirMail Message Queue","AirMail Message Queue"
"AirMail Messages Queue","AirMail Messages Queue"
"AirMail Template Preview","AirMail Vista previa de plantilla"
"AirMail message","AirMail Mensaje"
"AirMail templates","AirMail Plantillas"
"All Allowed Countries","Todos los países permitidos"
"All Images","Todos imágenes"
"All locations","Todas las ubicaciones"
"Amount","Importe"
"Amount in %@","Importe en %@"
"Amounts","Importes"
"An account with this email address already exists.","Una cuenta con esta dirección de correo electrónico ya existe."
"An error occurred while adding item to wishlist.","Ha ocurrido un error tratando de añadir el artículo a la lista de deseos."
"An error occurred while deleting the address.","Ha ocurrido un error tratando de borrar una dirección."
"An error occurred while loading categories.","Ha ocurrido un error tratando de cargar las categorías."
"An error occurred while loading category filters.","Ha ocurrido un error tratando de cargar los filtros para las categorías."
"An error occurred while loading configuration.","Ha ocurrido un error tratando de cargar la configuración."
"An error occurred while loading localization.","Ha ocurrido un error tratando de cargar la localización."
"An error occurred while loading login form.","Ha ocurrido un error tratando de cargar el formulario de acceso."
"An error occurred while loading wishlist.","Ha ocurrido un error mientras se cargaba la lista de deseos."
"An error occurred while processing your order. Please contact us or try again later.","Ha ocurrido un error tratando de procesar Su pedido. Póngase en contacto con nosotros o vuelve a intentarlo más tarde."
"An error occurred while processing your request.","Ha ocurrido un error tratando de procesar Su solicitud."
"An error occurred while removing item from wishlist.","Ha ocurrido un error tratando de eliminar un artículo de la lista de deseos."
"An error occurred while removing items from wishlist.","Ha ocurrido un error tratando de eliminar artículos de la lista de deseos."
"Analytics","Analítica"
"Android","Android"
"Android doesn\'t support AirMail message type.","Android no soporta el programa de correo AirMail."
"App Background","App Fondo"
"App Background (landscape mode)","App Fondo (modo horizontal)."
"App Background (landscape mode).","App Fondo (modo horizontal)."
"App Background (portrait mode)","App Fondo (modo vertical)."
"App Background (portrait mode).","App Fondo (modo vertical)."
"App Background <br />(landscape mode)","App Fondo <br />(modo horizontal)"
"App Background <br />(portrait mode)","App Fondo <br />(modo vertical)"
"App Background image missing.","App Fondo de pantalla falta."
"App Code","App Código"
"App Information","App Información"
"App Name","App Nombre"
"App Stores","App Tiendas"
"App Submission History","App Presentación historia"
"App Title","App Título"
"App code","App Código"
"App code required.","App Código requerido."
"App does not exist.","App no existe."
"App has been deleted.","App ha sido eliminada."
"App has been saved.","App ha sido guardada."
"App has been submitted.","App ha sido enviada."
"App model not loaded.","Modelo de aplicación no está cargada."
"App with specified code does not exist.","Una aplicación con el código introducido no existe."
"Appears in the info section of your app (example: Copyright 2010 – Your Company, Inc.)","Aparece en la sección de información de su aplicación (ejemplo: Copyright 2010 - Su Compañía, Inc.)"
"Application","Aplicación"
"Application Key","Aplicación Llave"
"Application Master Secret","Application Master Secret"
"Application Name","Aplicación Nombre"
"Application Secret","Application Secret"
"Application doesn\'t exist.","Aplicación no existe"
"Apply","Aplicar"
"Applying Coupon Code","Aplicar código de descuentos"
"Applying Gift Card %@","Aplicar tarjeta de regalo %@"
"Are you sure you want to cancel a message?","¿Está seguro de que quiere cancelar el mensaje?"
"Are you sure you want to cancel selected records?","¿Está seguro de que quiere cancelar los elementos seleccionados?"
"Are you sure you want to delete a message?","¿Está seguro de que quiere eliminar el mensaje?"
"Are you sure you want to delete selected records?","¿Está seguro de que quiere eliminar los elementos seleccionados?"
"Are you sure you want to delete this theme? This change will affect all applications.","¿Está seguro de que quiere eliminar este tema? Este cambio afectará al resto de aplicaciones."
"Are you sure you want to do this?","¿Está seguro de que quiere hacer esto?"
"Are you sure you want to remove this item?","¿Está seguro de que quiere eliminar este elemento?"
"Are you sure you whant to cancel a message?","¿Está seguro de que quiere cancelar el mensaje?"
"Are you sure you whant to delete a message?","¿Está seguro de que quiere eliminar el mensaje?"
"Are you sure you what to cancel selected records?","¿Está seguro de que quiere cancelar los elementos seleccionados?"
"Are you sure you what to delete selected records?","¿Está seguro de que quiere eliminar los elementos seleccionados?"
"As Low As","Tan bajo como"
"As Low Excl. Tax","As Low Excl. Tax"
"As Low Incl. Tax","As Low Incl. Tax"
"As a Magento customer, Urban Airship is offering you unlimited Push Notifications and Rich Push for $100/year* along with a 60 day free trial.","Como cliente de Magento, Urban Airship le ofrece notificaciones Push ilimitadas y notificaciones Push premium por 100 $/anuales junto con una versión de prueba gratuita de 60 días."
"As low as","Tan bajo como"
"As low as excl. tax","As low as excl. tax"
"As low as incl. tax","As low as incl. tax"
"At last one application has to be created.","Deberá crearse al menos una aplicación."
"At least one option should be selected","Por lo menos una opción debe seleccionarse"
"Authentication complete.","Autentificación completada."
"Authentication to %@ did failed...","Autenticación a %@ ha fallado..."
"Average Order Amount","Cantidad promedio pedido"
"Average Orders","Promedio de pedidos"
"Average Rating","Valoración media"
"Back","Atrás"
"Back to App Edit","Atrás a editar App"
"Background Color","Color del fondo"
"Balance","Saldo"
"Balance Change","Modificación de saldo."
"Balance History","Historial de saldo."
"Banner on Home Screen","Banner en la página de inicio"
"Banner on Home Screen (landscape mode)","Banner en la página de inicio (modo horizontal)."
"Banner on Home Screen (landscape mode) image missing.","Falta la imagen del banner en la página de inicio (modo horizontal)."
"Banner on Home Screen (portrait mode)","Banner en la página de inicio (modo vertical)."
"Banner on Home Screen (portrait mode) image missing.","Falta la imagen del banner en la página de inicio (modo vertical)."
"Banner on Home Screen <br />(landscape mode)","Banner en la página de inicio <br />(modo horizontal)"
"Banner on Home Screen <br />(portrait mode)","Banner en la página de inicio <br />(modo vertical)"
"Banner on Home Screen image missing.","Falta la imagen del banner en la página de inicio."
"Banners on Home Screen","Banner en la página de inicio"
"Best Sellers","Más vendidos"
"Billing","Facturación"
"Billing Address","Dirección de facturación"
"Billing address","Dirección de facturación"
"Billing address has been set.","Se ha especificado la dirección de facturación."
"Bundle Products","Artículos en paquete"
"Buy %1$s for %2$s","Compre %1$s a %2$s"
"Buy %1$s for %2$s (%3$s incl. tax) each","Compre %1$s a %2$s (%3$s incluyendo impuestos) cada uno"
"Buy %1$s for %2$s each","Compre %1$s a %2$s cada uno"
"Buy %1$s with %2$s discount each","Compra %1$s con %2$s de descuento cada uno."
"Buy More & Save","Compre más y ahorre"
"Buyer country is not allowed by store.","No se puede comprar a ese país."
"CMS Page","Página CMS"
"CMS Pages haven\'t been found.","Páginas CMS no encontradas"
"Cache Lifetime (seconds)","Duración máxima de la memoria caché (segundos)"
"Cache Management","Gestión de caché"
"Can\'t add item to shopping cart.","No se puede añadir artículo al carrito de compras."
"Can\'t apply the coupon code.","No se puede aplicar el código de descuento."
"Can\'t copy file ""%s"" to ""%s"".","No se puede copiar el archivo ""%s"" para ""%s""."
"Can\'t create wishlist.","No se puede crear lista de deseos."
"Can\'t delete ""%s"" theme.","No se puede eliminar el tema ""%s""."
"Can\'t load XML.","No se puede cargar XML."
"Can\'t load admin application settings.","o se puede cargar configuración de la aplicación de administración."
"Can\'t load application with id ""%s""","No se puede cargar la aplicación con el identificador ""%s""."
"Can\'t load cart info.","No se puede cargar la información de mi compra."
"Can\'t load cart.","No se puede mostrar mi compra."
"Can\'t load customer form.","No se puede mostrar el formulario del cliente."
"Can\'t load default themes.","No se pueden cargar los temas predeterminados."
"Can\'t load selected theme. Please check your media folder permissions.","No se puede mostrar el tema seleccionado. Por favor, compruebe sus permisos de carpetas compartidas."
"Can\'t load template with id ""%s""","No se puede cargar la plantilla con id ""%s"""
"Can\'t open submission form.","No se puede abrir formulario de presentación."
"Can\'t read file ""%s"".","No se puede leer el archivo ""%s""."
"Can\'t remove the item.","El artículo no puede ser eliminado."
"Can\'t reset theme.","Tema no se puede restablecer."
"Can\'t save address.","Dirección no se puede guardar."
"Can\'t save the customer.","El cliente no puede ser guardado."
"Can\'t save theme.","Tema no se puede guardar."
"Can\'t show configuration.","La configuración no se puede mostrar."
"Can\'t specify product.","El artículo no se pudo determinar."
"Can\'t submit application.","La aplicación no se puede activar."
"Can\'t update cart.","Carrito de compras no puede ser actualizado."
"Can\'t write to file ""%s"".","En el archivo ""%s"" no se puede escribir."
"Cancel","Cancelar"
"Canceled","Cancelado"
"Canceling PayPal ...","Cancelando PayPal ..."
"Cancelled","Cancelado"
"Cannot apply gift card.","No se le puede aplicar la tarjeta de regalo."
"Cannot configure product.","No se puede configurar el artículo."
"Cannot load theme ""%s"".","Tema ""%s"" no se puede cargar."
"Cannot redeem Gift Card.","No se puede canjear la tarjeta regalo."
"Cannot remove gift card.","No se puede eliminar la tarjeta regalo."
"Cannot save theme ""%s"". Incorrect data received","Tema ""%s"" no puede ser guardado. Entrada de datos incorrecto"
"Cannot update the item.","CNo se puede actualizar el artículo."
"Card Verification Number","Verificación de la tarjeta de crédito"
"Card verification number is wrong","Número de verificación no es correcto"
"Carrier","Transportista"
"Cart","Carrito de compras"
"Cart Updated","Carrito de compras actualizado."
"Cart has been updated.","Carrito de compras actualizado."
"Cart has some errors.","Carrito de compras entiene algunos errores."
"Cart is empty.","Carrito de compras está vacío."
"Catalog Only App?","Aplicación únicamente para catálogo?"
"Category","Categoría"
"Category Button Color","Categoría Color de los botones"
"Category Item Background Color","Categoría Color de fondo del artículo"
"Cc:","Cc:"
"Chairs","Sillas"
"Change Orientation","Cambiar la orientación"
"Change Password","Cambiar la contraseña"
"Changes have been saved to theme.","Los cambios en el tema se han guardado."
"Check","Comprobar"
"Check Gift Card","Compruebe tarjeta de regalo"
"Check Gift Card Promo Redeemed","Check Gift Card Promo Redeemed"
"Checking Gift Card %@","Checking Gift Card %@"
"Checkout","Proceso de pago"
"Checkout Page Registration","Checkout Page Registration"
"Checkout as Guest","Proceso de pago como visitante"
"Checkout as Guest or Register","Pagar como visitante o registrar"
"Checkout has been initialized.","Proceso de pago se ha inicializado."
"Checkout initialization...","Inicialización del proceso de pago..."
"Checkout initialized!","Proceso de pago inicializado!"
"Choose Store View","Elija vista de tienda"
"Choose amount","Elija cantidad"
"Choose file","Elija archivo"
"City","Ciudad"
"Clear","Claro"
"Close","Cerrar"
"Color Themes","Esquemas de colores"
"Colors","Colores"
"Commiting updates...","Commiting updates..."
"Company","Compañía"
"Completed","Completado"
"Configuration data have been saved","Configuration data have been saved"
"Configure Cart Item","Configure Cart Item"
"Confirm New Password","Confirmar contraseña nueva"
"Confirm Password","Confirmar contraseña"
"Connecting","Conectando"
"Connection Error\nWe\'re sorry. The app is experiencing connection problems. The app requires a network connection to operate.","Connection Error\nWe\'re sorry. The app is experiencing connection problems. The app requires a network connection to operate."
"Contact Email","Correo electrónico del contacto"
"Contact Information","Información del contacto"
"ContactsAreEmpty","No hay contactos disponibles"
"Container is not defined.","El contenedor no está definido."
"Content","Contenido"
"Continue","Continuar"
"Copyright","Derechos de autor"
"Copyright Page Logo","Logo en la página derechos del autor"
"Copyright Page Logo (iPhone 4 retina)","Logo en la página derechos del autor (iPhone 4 retina)"
"Copyright Page Logo <br />(iPhone 4 retina)","Logo en la página derechos del autor <br />(iPhone 4 retina)"
"Copyright: Magento (c) 2010","Copyright: Magento (c) 2010"
"Countries","Países"
"Countries Payment Applicable From","Países desde los que es posible el pago"
"Country","País"
"Country options don\'t recognized for ""%s"".","Opciones países no reconocidos por ""%s""."
"Coupon code %s is not valid.","Código de descuento %s no es válido."
"Coupon code %s was applied.","Código de descuento %s ha sido aplicada."
"Coupon code is empty.","Código de descuento está vacío."
"Coupon code was canceled.","Código de descuento se ha cancelado."
"Create Account","Crear cuenta"
"Create an Account","Crear cuenta"
"Creating a Template is allowed only for applications which have device type iPhone.","Das Erstellen einer Vorlage ist nur für Anwendungen mit dem Gerätetyp iPhone erlaubt."
"Credit Card","Tarjeta de crédito."
"Credit Card %s","%s de la tarjeta de crédito"
"Credit Card Number","Número de la tarjeta de crédito"
"Credit Card Type","Tipo de la tarjeta de crédito"
"Credit card number does not match credit card type.","Número de la tarjeta de crédito no corresponde al tipo de la tarjeta."
"Cross Sells","Ventas cruzadas"
"Current Balance: %s","Balance actual: %s"
"Current Password","Contraseña actual"
"Currently, PayPal MEP is not available for the Android application","En el momento de PayPal MEP no está disponible para aplicación Android."
"Currently, the system does not support the viewing of the order detail.","Actualmente, el sistema no admite la visualización del detalle de la orden."
"Custom App Icon","Símbolo de App personalizado"
"Custom App Icon (iPhone 4 retina)","Símbolo de App personalizado (iPhone 4 retina)"
"Custom App Icon <br />(iPhone 4 retina)","Símbolo de App personalizado <br />(iPhone 4 retina)"
"Custom Colors","Colores personalizadas"
"Custom amount","Cantidad personalizada"
"Customer","Cliente"
"Customer Name","Cliente nombre"
"Customer authentication problem.","Problema con la autenticación de usuario."
"Customer balance available in enterprise version of Magento only.","El saldo para clientes sólo está disponible en la versión para empresas de Magento."
"Customer balance is disabled for current store","El saldo para clientes está deshabilitado en la tienda actual"
"Customer email not specified.","No se ha especificado ninguna dirección de correo del cliente."
"Customer logout problem.","Cierre de sesión del cliente causado un problema."
"Customer not logged in.","Cliente no registrado."
"Customers","Clientes"
"DD","DD"
"Date","Fecha"
"Date Created","Fecha de creación"
"Date Submitted","Fecha de envío"
"Date Updated","Fecha de actualización"
"Date:","Fecha:"
"Day","Día"
"Deeper Messaging and Engagement with Rich Push.","Envío de mensajes más completos y atractivos con Rich Push."
"Default Billing Address","Dirección de pago predeterminada"
"Default Shipping Address","Dirección de envío predeterminada"
"Default Theme","Temas por defecto"
"Default themes are missed.","Temas por defecto faltan."
"Delete","Eliminar"
"Delete Action","Delete action"
"Delete theme","Borrar tema"
"Deleted","Eliminado"
"Description","Descripción"
"Description that appears in Android Market. %s chars maximum.","Descripción que aparece en el Android Market. %s caracteres como máximo.","1.5.1+","1.9.3.7+"
"Description that appears in Android Market. %s chars maximum. ","Descripción que aparece en el Android Market. %s caracteres como máximo."
"Description that appears in the iTunes App Store. %s chars maximum.","Descripción que aparece en el App Store de iTunes. %s caracteres como máximo.","1.5.1+","1.9.3.7+"
"Description that appears in the iTunes App Store. %s chars maximum. ","Descripción que aparece en el App Store de iTunes. %s caracteres como máximo."
"Deselect All","Anular todas las selecciones"
"Design","Diseño"
"Device","Dispositivo"
"Device Information","Información del dispositivo"
"Device Type","Tipo de dispositivo"
"Device doesn\'t recognized","Dispositivo no reconocido."
"Device doesn\'t recognized. Unable to load a template.","Dispositivo no reconocido. No se puede cargar la plantilla."
"Device doesn\'t recognized: ""%s"". Unable to load a helper.","Dispositivo no reconocido: ""%s"". Hilfe kann nicht geladen werden."
"Device doesn\'t recognized: ""%s"". Unable to load preview model.","Dispositivo no reconocido: ""%s"". Vorschaumodell kann nicht geladen werden."
"Device type doesn\'t recognized.","Tipo de dispositivo no reconocido."
"Discount code is empty","Código promocional está vacío."
"Discount:","Descuento:"
"Done","Hecho"
"Downloadable Products Updated","Los artículos descargables actualizados"
"Downloads limit:","Descargas límite:"
"E-mail","E-mail"
"Edit","Editar"
"Edit Action","Editar acción"
"Edit Address","Editar dirección"
"Edit AirMail Message","Editar mensajes de AirMail"
"Edit AirMail Message Queue #%s","Editar cola de mensajes de AirMail nº %s"
"Edit App ""%s""","Editar App ""%s"""
"Edit Filter","Editar filtro"
"Edit Image","Editar imagen"
"Edit Mail List","Editar lista de correo"
"Edit Template ""%s""","Editar plantilla ""%s"""
"Edit filter","Editar filtro"
"Edit note","Editar nota"
"Either remote URL or application code was not set. Please make sure you filled all the values and try again.","Either remote URL or application code was not set. Please make sure you filled all the values and try again."
"Element with id %s already exists","Elemento con id %s ya existe"
"Email","E-Mail"
"Email Address","Dirección de correo electrónico"
"Email address you provided is not valid. Please provide a valid one.","Email address you provided is not valid. Please provide a valid one."
"Email is not correct","El correo electrónico no es correcta"
"Email is not specified","El correo electrónico no es especificado"
"Enable Admin Application","Habilitar aplicación de administración"
"Enable AirMail Message Push notification","Habilitar notificación automática de mensajes de AirMail"
"Enable Facebook","Habilitar Facebook"
"Enable Flurry Analytics","Habilitar Flurry Analytics"
"Enable Flurry Analytics for the merchant.","Habilitar Flurry Analytics para comerciantes"
"Enable LinkedIn","Habilitar LinkedIn"
"Enable Standard Checkout","Habilitar pago usual"
"Enable Twitter","Habilitar Twitter"
"Enter Name","Insertar nombre"
"Enter discount code first.","Ingrese el código de descuento primero."
"Enter discount code if any","Ingrese el código de descuento en su caso."
"Enter e-mail","Ingrese correo electrónico"
"Enter giftcard promo code here","Ingrese código promocional tarjeta de regalo aquí"
"Enter text","Ingrese texto"
"Enter the gift card code","Ingrese el código de tarjeta de regalo"
"Error","Error"
"Error Loading Configuration Format","Error Loading Configuration Format"
"Error during shortening url","Error during shortening url"
"Error message text is missed.","Error message text is missed."
"Error while processing file ""%s"".","Fehler beim Verarbeiten von Datei ""%s""."
"Error while reading data from Payment Bridge. Please, try again.","Fehler beim Einlesen der Daten von Payment Bridge. Bitte versuchen sie es später noch einmal."
"Error while reading remote data","Error while reading remote data"
"Error while uploading file ""%s"".","Error while uploading file ""%s""."
"Error while uploading file ""%s"". Disallowed file type. Only ""jpg"", ""jpeg"", ""gif"", ""png"" are allowed.","Error al cargar el fichero ""%s"". Tipo de fichero no permitido. Solo están permitidos ""jpg"", ""jpeg"", ""gif"" y ""png""."
"Error.","Fehler."
"Excl. Tax","Excl. Tax"
"Expiration Date - Month","Caduca - mes"
"Expiration Date - Year","Caduca - año"
"Expires: %s","Caduca: %s"
"Extend the life of your app with Urban Airship Push Notifications.","Aumente la vida de su aplicación con Notificaciones «Push» de Urban Airship."
"Extensions","Erweiterungen"
"FILTERS APPLIED","FILTROS APLICADOS"
"Facebook","Facebook"
"Facebook API","Facbook API"
"Facebook Application ID","Facebook Application ID"
"Facebook post failed...","Facebook post failed..."
"Fax","Fax"
"File can\'t be uploaded.","El archivo no se puede cargar."
"File doesn\'t exist ""%s"".","El archivo no existe ""%s""."
"Filter","Filtro"
"Filters","Filtros"
"First Name","Nombre"
"Fixed amounts","Importes fijos"
"Flurry API Code","Flurry API Code"
"Flurry Analytics","Flurry Analytics"
"Flurry Analytics Site","Flurry Analytics Seite"
"Fonts","Fuentes"
"Forgot Password","Forgot Password"
"Forgot Password?","Forgot Password?"
"Forgot your password?","Forgot your password?"
"Form","Form"
"Free","Gratis"
"From","From"
"From Excl. Tax","De excl. impuesto"
"From Incl. Tax","De incl. impuesto"
"From excl. tax","De excl. impuesto"
"From incl. tax","De incl. impuesto"
"Full Description","Descripción completa"
"Funk Leaf","Funk Leaf"
"Gallery","Galería"
"General","General"
"Generate Offline Catalog","Generar catálogo fuera de línea"
"Get Content from CMS Page","Obtenga el contenido de la página CMS."
"Gift Card ""%s"" was added.","Se agregó la tarjeta de regalo""%s""."
"Gift Card ""%s"" was redeemed.","Se canjeó la tarjeta de regalo""%s""."
"Gift Card ""%s"" was removed.","Se eliminó la tarjeta de regalo""%s""."
"Gift Card (%s)","Tarjeta regalo."
"Gift Card amount applied to order: %s","Tarjeta de regalo aplicada en el pedido: %s"
"Gift Card code is empty.","El código de la tarjeta de regalo está vacío."
"Gift Card: %s","Tarjeta regalo: %s"
"Gift card account available in enterprise version of Magento only.","Cuenta de tarjeta de regalo disponible solo en la versión para empresas de Magento."
"Giftcard promo code","Tarjeta de regalo - Código de promoción"
"Grand Total","Total general"
"Grand Total (Excl. Tax)","Total general (sin impuestos)"
"Grand Total (Incl. Tax)","Total general (con impuestos)"
"Guest","Invitado"
"Header Background Color","Color de fondo de cabecera"
"Header Font Color","Color de fuente de cabecera"
"High Resolution Application Icon","Icono de la aplicación de alta resolución"
"Home","Startseite"
"Hot Red","Rojo vivo"
"How do you rate this product?","¿Qué valoración le da a este producto?"
"How to incorporate Urban Airship within your application:","Cómo incorporar Urban Airship en su aplicación:"
"I Agree","Estoy de acuerdo"
"I agree to the Terms and Conditions","Estoy de acuerdo con los términos y condiciones"
"ID","ID"
"Icon that will appear on the user\'s device after they download your app.","Icon that will appear on the user\'s device after they download your app."
"Icon that will appear on the user\'s device after they download your app. Recommended size: 48px x 48px.","Icon that will appear on the user\'s device after they download your app. Recommended size: 48px x 48px."
"Icon that will appear on the user\'s device after they download your app. You do not need to apply a gradient or soft edges (this is done automatically by Apple).","Icon that will appear on the user\'s device after they download your app. You do not need to apply a gradient or soft edges (this is done automatically by Apple)."
"Icon that will appear on the user\'s device after they download your app. You do not need to apply a gradient or soft edges (this is done automatically by Apple). Recommended size: 72px x 72px.","Icon that will appear on the user\'s device after they download your app. You do not need to apply a gradient or soft edges (this is done automatically by Apple). Recommended size: 72px x 72px."
"Icon that will appear on the user\'s phone after they download your app.  You do not need to apply a gradient or soft edges (this is done automatically by Apple).","Icon that will appear on the user\'s phone after they download your app.  You do not need to apply a gradient or soft edges (this is done automatically by Apple)."
"Icon that will appear on the user\'s phone after they download your app. You do not need to apply a gradient or soft edges (this is done automatically by Apple).","Icon that will appear on the user\'s phone after they download your app. You do not need to apply a gradient or soft edges (this is done automatically by Apple)."
"Icon that will appear on the user\'s phone after they download your app. You do not need to apply a gradient or soft edges (this is done automatically by Apple). Recommended size: 114px x 114px.","Icon that will appear on the user\'s phone after they download your app. You do not need to apply a gradient or soft edges (this is done automatically by Apple). Recommended size: 114px x 114px."
"Icon that will appear on the user’s phone after they download your app.  You do not need to apply a gradient or soft edges (this is done automatically by Apple).  Recommended size: 57px x 57px at 72 dpi.","Icon that will appear on the user’s phone after they download your app.  You do not need to apply a gradient or soft edges (this is done automatically by Apple).  Recommended size: 57px x 57px at 72 dpi."
"Icons","Icons"
"If leave this field empty, the message will be sent immediately","Si deja vacío este campo, el mensaje se enviará inmediatamente"
"If you want to disable the cache on the application side, leave the field empty. Warning! When disabling cache, the application will take time to load each page.","Wenn Sie den Cache auf Seiten der Applikation deaktivieren möchten, müssen Sie dieses Feld frei lassen. Vorsicht! Wenn Sie den Cache deaktivieren, benötigt die Applikation mehr Zeit, um jede Seite zu laden."
"Image %s is required.","Image %s is required."
"Image action has been saved.","Image action has been saved."
"Image does not exist. Please reload this page.","Image does not exist. Please reload this page."
"Image file was not found.","No se ha encontrado el fichero de imagen."
"Image has been deleted.","Image has been deleted."
"Image id is required.","Image id is required."
"Image limits don\'t recognized for ""%s"" image type","Image limits don\'t recognized for ""%s"" image type"
"Image that appears on first screen while your app is loading.","Imagen que aparece en la primera pantalla cuando se está cargando la aplicación."
"Image that appears on first screen while your app is loading. Required size: 1024px x 768px.","Imagen que aparece en la primera pantalla cuando se está cargando la aplicación. Tamaño necesario: 1024px x 768px."
"Image that appears on first screen while your app is loading. Required size: 320px x 455px.","Imagen que aparece en la primera pantalla cuando se está cargando la aplicación. Tamaño necesario: 320px x 455px."
"Image that appears on first screen while your app is loading. Required size: 320px x 460px.","Imagen que aparece en la primera pantalla cuando se está cargando la aplicación. Tamaño necesario: 320px x 460px."
"Image that appears on first screen while your app is loading. Required size: 640px x 920px.","Imagen que aparece en la primera pantalla cuando se está cargando la aplicación. Tamaño necesario: 640px x 920px."
"Image that appears on first screen while your app is loading. Required size: 768px x 1024px.","Imagen que aparece en la primera pantalla cuando se está cargando la aplicación. Tamaño necesario: 768px x 1024px."
"Image type doesn\'t recognized: ""%s"".","Image type doesn\'t recognized: ""%s""."
"Image type is required.","Image type is required."
"Images","Imágenes"
"Images order has been updated.","Images order has been updated."
"In Queue","In Queue"
"In Stock","En existencias"
"In addition, click here to review Urban Airship\'s Terms of Service: <a href=""%s"" target=""_blank"">click here</a>.","Además, haz clic aquí para revisar los términos del servicio: <a href=""%s"" target=""_blank"">clic aquí</a>."
"In order to resubmit your app, you need to first purchase a <a href=""%s"" target=""_blank"">%s</a> from MagentoCommerce","In order to resubmit your app, you need to first purchase a <a href=""%s"" target=""_blank"">%s</a> from MagentoCommerce."
"In order to submit your app, you need to first purchase a <a href=""%s"" target=""_blank"">%s</a> from MagentoCommerce","In order to submit your app, you need to first purchase a <a href=""%s"" target=""_blank"">%s</a> from MagentoCommerce."
"Inactive Tabs","Pestañas interactivas"
"Incl. Tax","Incl. impuestos"
"Incl. tax","Incl. impuestos"
"Initialization PayPal ...","Initialization PayPal ..."
"Initialization of the PayPal checkout failed!","Initialization of the PayPal checkout failed!"
"Invalid XML.","Invalid XML."
"Invalid current password.","Invalid current password."
"Invalid customer data.","Invalid customer data."
"Invalid data.","Datos inválidos."
"Invalid email address.","Dirección electrónica inválida."
"Invalid item or wishlist.","Artículo o lista de deseos no válida."
"Invalid login or password.","Clave o usuario inválido."
"Invalid shipping method.","Método de compra no válido."
"Issue Number","Issue Number"
"It\'s not allowed to delete submitted application.","It\'s not allowed to delete submitted application."
"Item","Artículo"
"Item Options","Optiones de artículo"
"Item has been added to cart.","Se ha añadido el artículo al carrito."
"Item has been deleted from cart.","Se ha eliminado el artículo del carrito."
"Item has been removed from wishlist.","Se ha eliminado el artículo de la lista de deseos."
"Items","Artículos"
"Items were updated. But can\'t update wishlist.","Items were updated. But can\'t update wishlist."
"Keep your image size below %s KB for optimal performance.","Keep your image size below %s KB for optimal performance."
"Key","Clave"
"Keywords","Palabras clave"
"Label","Etiqueta"
"Landscape app Background","Landscape app Background"
"Landscape banners on Home Screen","Landscape banners on Home Screen"
"Large iTunes Icon","Icono grande de iTunes"
"Large icon that appears in the iTunes App Store. You do not need to apply a gradient or soft edges (this is done automatically by Apple).","Large icon that appears in the iTunes App Store. You do not need to apply a gradient or soft edges (this is done automatically by Apple)."
"Large icon that appears in the iTunes App Store. You do not need to apply a gradient or soft edges (this is done automatically by Apple). Required size: 512px x 512px.","Large icon that appears in the iTunes App Store. You do not need to apply a gradient or soft edges (this is done automatically by Apple). Required size: 512px x 512px."
"Last 5 Orders","Últimos 5 pedidos"
"Last 5 Search Terms","Últimos 5 términos de búsqueda"
"Last Name","Letzter Name"
"Last update: %@","Última actualización: %@"
"Lifetime Sales","Ventas acumuladas"
"LindedIn","LindedIn"
"Link:","Link:"
"LinkedIn","LinkedIn"
"LinkedIn API","LinkedIn-API"
"LinkedIn API Key","LinkedIn API Key"
"LinkedIn Authorization","LinkedIn Authorization"
"LinkedIn Autorization","LinkedIn Autorization"
"LinkedIn Secret Key","LinkedIn Secret Key"
"Linkedin post failed...","Linkedin post failed..."
"List of downloadable products is empty","La lista de productos descargables está vacía"
"Load more items","Cargar más artículos"
"Loader Splash Screen","Loader Splash Screen"
"Loader Splash Screen (iPhone 4 retina)","Loader Splash Screen (iPhone 4 retina)"
"Loader Splash Screen (landscape mode)","Loader Splash Screen (landscape mode)"
"Loader Splash Screen (portrait mode)","Loader Splash Screen (portrait mode)"
"Loader Splash Screen <br />(iPhone 4 retina)","Loader Splash Screen <br />(iPhone 4 Retina Display)"
"Loader Splash Screen <br />(landscape mode)","Loader Splash Screen <br />(landscape mode)"
"Loader Splash Screen <br />(portrait mode)","Loader Splash Screen <br />(portrait mode)"
"Loading %@...","Cargando %@..."
"Loading Account Form...","Cargando Account Form..."
"Loading Address Book...","Cargando Address Book..."
"Loading Address Form...","Cargando Address Form..."
"Loading CMS page ...","Cargando página CMS ..."
"Loading Cart...","Cargando carrito de compras..."
"Loading Gallery...","Cargando galería..."
"Loading Login Form...","Loading Login Form..."
"Loading My Downloadable Products...","Loading My Downloadable Products..."
"Loading Order Details","Loading Order Details"
"Loading Orders List...","Loading Orders List..."
"Loading Preview...","Cargando la vista previa..."
"Loading Product Options...","Loading Product Options..."
"Loading Products...","Cargando artículos..."
"Loading Registration Form...","Loading Registration Form..."
"Loading Restore Password Form...","Loading Restore Password Form..."
"Loading Store Credit...","Loading Store Credit..."
"Loading WishList...","Cargando lista de deseos..."
"Loading Write Review Form...","Loading Write Review Form..."
"Loading category ...","Cargando categoría ..."
"Loading more items...","Cargando más artículos..."
"Loading product ...","Cargando artículo ..."
"Loading shipping methods ...","Cargando métodos de envío ..."
"Loading...","Cargando..."
"Locations","Ubicaciones"
"Log In","Login"
"Log Out","Log Out"
"Log in to Admin Panel","Log in to Admin Panel"
"Log into Account","Log into Account"
"Log into your account","Log into your account"
"Log out Account","Log out Account"
"LogInMessageTitle","LogInMessageTitle"
"Login and password are required.","Se requieren nombre de usuario y contraseña."
"Logo in Header","Logo in Header"
"Logo in Header image missing.","Falta logo en la imagen de encabezado."
"Logout complete.","Logout complete."
"M.I.","Más información"
"MEP is PayPal\'s native checkout experience for the iPhone. You can choose to use MEP alongside standard checkout, or use it as your only checkout method for Magento mobile. PayPal MEP requires a <a href=""%s"">PayPal business account</a>","El pago exprés móvil es el pago nativo de PayPal para iPhone. Puedes elegir usar el pago exprés móvil además del pago estándar, o usarlo como método único de pafo para Magento mobile. El pago exprés móvil de PayPal requiere una <a href=""%s"">cuenta business de PayPal</a>"
"MM","MM"
"Mailbox title","Mailbox title"
"Main Tabs","Pestaña principal"
"Make Inactive","Make Inactive"
"Make this app available in the following territories","Die App in den folgenden Gebieten zur Verfügung stellen"
"Manage Apps","Gestionar Aplicaciones"
"Manage Mobile App","Manage Mobile App"
"Maximum length is 140","Maximum length is 140"
"Maximum length is 255","Maximum length is 255"
"Maximum size: %s KB.","Maximum size: %s KB."
"Maximum: %.2f","Maximum: %.2f"
"Merchant Label","Merchant Label"
"Merge","Merge"
"Message","Message"
"Message Queue","Message Queue"
"Message Settings","Message Settings"
"Message Templates","Message Templates"
"Message Title","Título de mensaje"
"Message Type","Tipo de mensaje"
"Message can be edited when status of the message is ""In Queue"" only.","El mensaje sólo puede editarse cuando su estado sea ""en cola""."
"Message content","Contenido del mensaje"
"Message text is missed.","Message text is missed."
"Message title","Título de mensaje"
"Message too long, please use 140 symbols","Message too long, please use 140 symbols"
"Message type doesn\'t recognized","Message type doesn\'t recognized"
"Minimize","Minimize"
"Minimum %@, maximum %@","Minimum %@, maximum %@"
"Minimum: %.2f","Minimum: %.2f"
"Mobile","Mobil"
"Mobile Express Checkout has been canceled.","El pago Mobile Express se ha cancelado."
"Mobile Express Checkout processed successfully.","Pago Mobile Express tramitado satisfactoriamente."
"Month","Mes"
"More","Más"
"More Info","Más información"
"More Tabs","Más pestañas"
"Most Viewed Products","Most Viewed Products"
"My Account","My Account"
"My Downloadable Products","My Downloadable Products"
"My Orders","My Orders"
"My Wishlist","My Wishlist"
"Name","Nombre"
"Name on Card","Name on Card"
"Name that appears beneath your app when users install it to their device. We recommend choosing a name that is 10-12 characters and that your customers will recognize. %s chars max.","Name that appears beneath your app when users install it to their device. We recommend choosing a name that is 10-12 characters and that your customers will recognize. %s chars max."
"New AirMail Message","New AirMail Message"
"New AirMail Message Queue","New AirMail Message Queue"
"New App","Nueva Aplicación"
"New Customers","New Customers"
"New Password","Neues Passwort"
"New Template","Neue Vorlage"
"New to Our Store?","New to Our Store?"
"Nickname","Nickname"
"No","No"
"No Payment Information Required","No se necesita información de pago"
"No Ratings","No Ratings"
"No internet connection. Retry later ...","No internet connection. Retry later ..."
"No items were specifed to update.","No items were specifed to update."
"No items were updated.","No items were updated."
"No product selected.","No product selected."
"No products found. Please retry with other term","No products found. Please retry with other term"
"No shipping method required.","No es necesario un método de envío."
"No such file ""%s"".","Archivo ""%s"" no existe."
"Not Submitted","Nicht abgesendet"
"Note: Image size affects the performance of your app.","Note: Image size affects the performance of your app."
"Notice","Aviso"
"Number of Orders","Number of Orders"
"Number of Uses","Number of Uses"
"OK","OK"
"OR, Pay with Standard Checkout","OR, Pay with Standard Checkout"
"Offline Catalog","Offline Catalog"
"Offline cart stored on server","Offline cart stored on server"
"Offline catalog export complete.","Offline catalog export complete."
"Offline catalog export failed.","Offline catalog export failed."
"One or more keywords that describe your app. Keywords are matched to users\' searches in the App Store and help return accurate search results. Separate multiple keywords with commas. 100 chars is maximum.","One or more keywords that describe your app. Keywords are matched to users\' searches in the App Store and help return accurate search results. Separate multiple keywords with commas. 100 chars is maximum."
"Onepage checkout is disabled.","Onepage checkout is disabled."
"Only custom theme can be deleted","Sólo se podrá eliminar un tema personalizado."
"Only default theme can be reset","Solo se puede resetear el tema por defecto"
"Only free apps are allowed in this version.","In dieser Version sind nur kostenlose Apps zulässig."
"Only registered users can write reviews. Please, log in or register.","Nur registrierte Anwender können Bewertungen verfassen. Bitte melden Sie sich an oder registrieren Sie sich."
"Open","Open"
"Options","Options"
"Options menu items","Options menu items"
"Order","Pedido"
"Order #","Pedido nº "
"Order #%s - %s","Pedido nº %s - %s"
"Order Date: %s","Fecha del pedido: %s"
"Order Details Updated","Order Details Updated"
"Order ID","Pedido ID"
"Order ID:","Pedido ID:"
"Order Info","Pedido Info"
"Order List Updated","Order list updated"
"Order Number","Pedido número"
"Order Review","Order Review"
"Order canceled","Pedido cancelado"
"Order failed","Pedido failed"
"Order id is not specified.","La identificación del pedido no está especificado."
"Order is not available.","El pedido no está disponible."
"Ordered","Pedido realizado."
"Ordered Items","Ordered Items"
"Orders","Pedidos"
"Other amount","Otro importe"
"Out of Stock","Fuera de existencias"
"Output format is not specified. Please, specify ""format"" key in constructor, or set it using setFormat().","No se ha especificado el formato de salida. Por favor especifica la tecla ""formato"", o selecciónalo usando setFormat()."
"Overall Activity","Overall Activity"
"POST data is not valid.","PPOST data is not valid."
"Pages","Páginas"
"Password","Contraseña"
"Password fields cannot be empty.","Los campos de contraseña no debe estar vacío."
"Password is not specified","No se especifica contraseña"
"Password:","Contraseña:"
"PayPal","PayPal"
"PayPal Checkout","PayPal Checkout"
"PayPal MECL is the mobile version of PayPal\'s Express Checkout service. You can choose to use MECL alongside standard checkout, or use it as your only checkout method for Magento Mobile.","PayPal MECL es la versión móvil del servicio de PayPal pago exprés. Puedes elegir usar MECL junto al pago estándar, o usar como método único de pago para Magento mobile."
"PayPal MEP","Código MEP (PayPal)"
"PayPal Mobile Embedded Payment (MEP)","PayPal Mobile Embedded Payment (MEP)"
"PayPal Mobile Express Checkout","Pago Mobile Express de PayPal."
"PayPal Mobile Express Checkout Library (MECL)","Librería de Pago Mobile Express de PayPal (MECL)."
"PayPal Mobile Express Checkout Token does not exist.","El pago Mobile Express de PayPal mediante vale no está disponible."
"Payer Email: %s","Correo electrónico del pagador; %s"
"Payment Applicable From","Pago posible desde"
"Payment Bridge module unavailable.","Payment Bridge module unavailable."
"Payment Information","Payment Information"
"Payment Method","Método de pago"
"Payment Method has been set.","Se ha especificado la forma de pago."
"Payment Methods","Métodos de pago"
"Payment method","Método de pago"
"Payment method was successfully set.","Forma de pago se ha establecido."
"Paypal MEP doesn\'t support checkout with any discount.","La MEP de PayPal no permite el pago sin ningún descuento."
"Place Order","Realizar pedido"
"Placing order ...","Realizando pedido ..."
"Please <a href=""%s"" target=""_blank"">click here</a> to see how to setup and retrieve API credentials.","Por favor, <a href=""%s"" target=""_blank"">pulse aquí</a> para ver cómo configurar y recuperar las credenciales API."
"Please Select Application","Por favor, seleccione la aplicación"
"Please Select Device Type","Por favor, seleccione un tipo de dispositivo"
"Please agree to all the terms and conditions before placing the order.","Please agree to all the terms and conditions before placing the order."
"Please create and save an application first.","Por favor, cree y guarde la aplicación antes."
"Please enter ""App Title"".","Por favor, introduce el ""Título de la Aplicación"""
"Please enter a valid URL. Protocol is required (http://, https:// or ftp://)","Por favor, introduzca una URL válida. Es necesario el protocolo (http://, https:// or ftp://)"
"Please enter a valid date.","Por favor introduce una fecha correcta."
"Please enter a valid email address. For example johndoe@domain.com.","Por favor, introduzca una dirección de e-mail válida. Por ejemplo: anónimo@dominio.com."
"Please enter at least one email recipient","Please enter at least one email recipient"
"Please enter issue number or start date for switch/solo card type.","Please enter issue number or start date for switch/solo card type."
"Please enter the Activation Key.","Please enter the Activation Key."
"Please enter the Copyright.","Por favor, introduzca el Derecho de Autor."
"Please enter the Description.","Por favor, introduzca la descripción"
"Please enter the Price.","Por favor, introduzca el precio."
"Please enter the Resubmission Key.","Please enter the Resubmission Key."
"Please enter the Title.","Por favor, introduzca el título."
"Please make sure your passwords match.","Por favor, asegúrese de que sus contraseñas coinciden."
"Please save application first.","Please save application first."
"Please select an option.","Por favor, selecciona una opción."
"Please select at least one country.","Por favor, seleccione al menos un país."
"Please select payment method to cover a quote","Por favor, seleccione el método de pago para cubrir un presupuesto"
"Please set email","Por favor, complete el campo correo electrónico"
"Please specify payment method","Por favor, especifique el método de pago"
"Please specify shipping method","Por favor, especifique el método de envío"
"Please upload  an image for ""App Background (landscape mode)"" field from Design Tab.","Por favor, suba una imagen en el campo ""Fondo de aplicación (modo horizontal)"" de la pestaña de diseño."
"Please upload  an image for ""App Background (portrait mode)"" field from Design Tab.","Por favor, suba una imagen en el campo ""Fondo de aplicación (modo vertical)"" de la pestaña de diseño."
"Please upload  an image for ""App Background"" field from Design Tab.","Por favor, suba una imagen en el campo ""Fondo de aplicación"" de la pestaña de diseño."
"Please upload  an image for ""Banner on Home Screen (landscape mode)"" field from Design Tab.","Por favor, suba una imagen en el campo ""Banner en la página de inicio (modo horizontal)"" de la pestaña de diseño."
"Please upload  an image for ""Banner on Home Screen (portrait mode)"" field from Design Tab.","Por favor, suba una imagen en el campo ""Banner en la página de inicio (modo vertical)"" de la pestaña de diseño."
"Please upload  an image for ""Banner on Home Screen"" field from Design Tab.","Por favor, cargue una imagen en el campo ""Banner en pantalla de inicio"" de la pestaña de diseño."
"Please upload  an image for ""Logo in Header"" field from Design Tab.","Por favor, suba una imagen en el campo ""Logo en la cabezera"" de la pestaña de diseño."
"Please use letters only (a-z or A-Z) in this field.","Por favor, use sólo letras (a-z o A-Z) en este campo."
"Please use numbers only in this field. Please avoid spaces or other characters such as dots or commas.","En este campo sólo se pueden escribir números. Evite los espacios en blanco u otros caracteres, como los puntos o las comas, por ejemplo."
"Please use only letters (a-z or A-Z) or numbers (0-9) only in this field. No spaces or other characters are allowed.","Por favor, utilice solo letras (a-z o A-Z) o números (0-9) solo en este campo. No están permitidos los espacios u otros caracteres."
"Please wait...","Por favor, espere..."
"Please, specify gift card amount!","Por favor, especifique la cantidad de tarjetas de regalo!"
"Portrait app Background","Portrait app Background"
"Portrait banners on Home Screen","Portrait banners on Home Screen"
"Post data is empty.","Post data is empty."
"Post this product to your wall","Post this product to your wall"
"Posting to e-mails","Posting to e-mails"
"Preferred size: %spx x %spx.","Tamaño preferido: %spx x %spx."
"Prefix","Prefijo"
"Preset Theme","Tema actual"
"Preview","Vista previa"
"Price","Precio"
"Price Font Color","Color de fuente del precio"
"Price excluding tax","Price excluding tax"
"Price including tax","Price including tax"
"Primary Color","Color primario"
"Primary Font Color","Color primario de la fuente"
"Problem changing or sending password.","Problema en cambio o envío de contraseña."
"Proceed to Checkout","Al proceso del pago"
"Product","Artículo"
"Product Added to Cart","Artículo añadido al carrito de compras"
"Product Added to Wishlist","Artículo añadido a la lista de deseos"
"Product Gallery Updated","Galería de artículo actualizado"
"Product Name3 ","Nombre de artículo3"
"Product Name3 1","Nombre de artículo3 1"
"Product Name3 2","Nombre de artículo3 2"
"Product Options Updated","Opciones disponibles actualizados"
"Product Removed From Wishlist","Eliminar el artículo de las listas de deseos"
"Product Reviews Updated","Product reviews updated"
"Product SKU","Artículo SKU"
"Product Updated","Artículo actualizado"
"Product added","Artículo añadido"
"Product is out of stock","Artículo es fuera de existencias"
"Product is unavailable.","Artículo no es disponible."
"Product only available on the website.","Product only available on the website."
"Product succesfully added to cart","Product succesfully added to cart"
"Product was not specified.","Artículo no especificado."
"Product(s) currently out of stock.","Artículo actualmente no está disponible."
"Products","Artículos"
"Pull Down To Update..","Tire hacia abajo para actualizar.."
"Purchase Order Number","Número de pedido."
"Push Notification","Notificación automatizada"
"Push Notifications allow you to send messages directly to the people who have installed your app on their device. Send messages to your full audience even when your app is closed. Push Notifications are one of the best ways to keep your app active by delivering valuable content directly to your customers. Learn more about Push Notifications - <a href=""%1$s"" target=""_blank"">%1$s</a>","Las notificaciones Push le permiten enviar mensajes directos a la gente que tiene instalada su aplicación en su dispositivo. Envíe mensajes a todoel mundo incluso cuando la aplicación está cerrada. Las notificaciones Push son una de las mejores maneras de mantener su aplicación activa enviado contenido valioso directamente a sus clientes. Infórmese más de las notificaciones Push - <a href=""%1$s"" target=""_blank"">%1$s</a>"
"Push Title","Título de empuje"
"Push message","Mensaje automatizado"
"Push title","Título de empuje"
"Qty","Qty"
"Qty:","Qty:"
"Quantity","Cantidad"
"Quantity:","Cantidad:"
"Queue Date","Fecha de cola"
"Queue Message","Mensaje en cola"
"Queue does not exist.","Cola no existe."
"Queue is allowed only for applications with enabled Push Notification.","La función cola sólo funciona con las aplicaciones con las notificaciones Push activadas."
"Quote instance is required.","Quote instance is required."
"Quote item is not found.","Quote item is not found."
"Range param doesn\'t recognized","Range param doesn\'t recognized"
"Ratings and Reviews","Valoraciones y reseñas"
"Read the Terms and Conditions","Lea los Términos y Condiciones"
"Recent Activity","Actividad reciente"
"Recipient Information","Información del destinatario"
"Recommended size %spx x %spx.","Tamaño recomendado %spx x %spx."
"Recommended size 1024px x 344px. Note: Image size affects the performance of your app.","Tamaño recomendado 1024px x 344px. Nota: El tamaño de la imagen afecta al funcionamiento de su aplicación."
"Recommended size 1024px x 704px. Note: Image size affects the performance of your app.","Tamaño recomendado 1024px x 704px. Nota: El tamaño de la imagen afecta al funcionamiento de su aplicación."
"Recommended size 320px x 230px. Note: Image size affects the performance of your app. Keep your image size below 50 KB for optimal performance.","Tamaño recomendado 320px x 230px. Nota: El tamaño de la imagen afecta al funcionamiento de su aplicación. Para una óptima visualización de su imagen debe ser inferior a 50 KB."
"Recommended size 320px x 258px. Note: Image size affects the performance of your app. Keep your image size below 50 KB for optimal performance.","Tamaño recomendado 320px x 258px. Nota: El tamaño de la imagen afecta al funcionamiento de su aplicación. Para una óptima visualización de su imagen debe ser inferior a 50 KB."
"Recommended size 320px x 367px. Note: Image size affects the performance of your app. Keep your image size below 75 KB for optimal performance.","Tamaño recomendado 320px x 367px. Nota: El tamaño de la imagen afecta al funcionamiento de su aplicación. Para una óptima visualización de su imagen debe ser inferior a 75 KB."
"Recommended size 35px x 35px.","amaño recomendado 35px x 35px."
"Recommended size 768px x 294px. Note: Image size affects the performance of your app.","Tamaño recomendado 768px x 294px. Nota: El tamaño de la imagen afecta al funcionamiento de su aplicación."
"Recommended size 768px x 960px. Note: Image size affects the performance of your app.","Tamaño recomendado 768px x 960px. Nota: El tamaño de la imagen afecta al funcionamiento de su aplicación."
"Recommended size: %spx x %spx at %s dpi.","Tamaño recomendado %spx x %spx a %s dpi."
"Recommended size: %spx x %spx.","Tamaño recomendado: %spx x %spx."
"Recover","Recover"
"Redeem","Redimir"
"Redeeming Gift Card %@","Tarjeta de regalo redentora %@"
"Redemption functionality is disabled.","La funcionalidad de redención está deshabilitado."
"Refunded","Reembolsado."
"Regions","Regions"
"Register","Register"
"Registering cart ...","El registro del carrito de compras ..."
"Registering user ...","El registro de usuario ..."
"Regular","Regular"
"Regular and confirmation passwords must be equal","Alter Passwort und Passwortbestätigung müssen identisch sein"
"Related Product Background Color","Related Product Background Color"
"Release To Update...","Release To Update..."
"Relevance","Relevance"
"Remaining downloads","Descargas restantes"
"Remove","Remover"
"Remove Address...","Remover dirección..."
"Removing %@...","Removing %@..."
"Removing Coupon...","Removing Coupon..."
"Removing Gift Card...","Removing Gift Card..."
"Removing Product from WishList...","Removing Product from WishList..."
"Removing Store Credit...","Removing Store Credit..."
"Request internal error.","Resulto: error interno."
"Request param %s is missed","Request param %s is missed"
"Required size: %spx x %spx.","Required size: %spx x %spx."
"Reset theme to default","Auf Standard-Theme zurücksetzen"
"Resubmission Key","Wiedervorlageschlüssel"
"Resubmit App","App erneut abschicken"
"Resubmit App failure. %s","Resubmit App failure. %s"
"Results","Resultados"
"Revenue","Ingresos"
"Revert","Revertir"
"Revert Discount","Revertir descuento"
"Review","Reseña"
"Rich Push allows you to create and send engaging experiences by adding HTML and other rich media components to your push notifications. Moving beyond alerts and badge updates, Rich Push takes users into the app while displaying content in a customizable WebKit view. Create branded messages that engage your users with new content and information, all without having to update your app. Learn more about Rich Push - <a href=""%1$s"" target=""_blank"">%1$s</a>","Las notificaciones Push premium le permiten crear y enviar experiencias atractivas añadiendo HTML y otros contenidos multimedia a sus notificaciones Push. Junto a las alertas y actualizaciones del navegador, la notificación Push premium permite el uso de la aplicación mientras se muestra el contenido con una vista personalizada WebKit. Cree mensajes personalizados ofreciendo a sus clientes nuevo contenido e información, y todo ello sin tener que actualizar la aplicación. Conozca más sobre las notificaciones Push premium- <a href=""%1$s"" target=""_blank"">%1$s</a>"
"SORT BY:","ORDENAR POR:"
"Sample","Sample"
"Samples","Samples"
"Save","Guardar"
"Save As","Guardar como"
"Save Theme","Save Theme"
"Save and Continue Edit","Save and Continue Edit"
"Save and Submit App","Save and Submit App"
"Save in address book","Save in address book"
"Saving Address...","Saving Address..."
"Saving changes ...","Saving changes ..."
"Saving shipping address ...","Saving shipping address ..."
"Saving shipping methods ...","Saving shipping methods ..."
"Screen resolution is not supported","Screen resolution is not supported"
"Screens:","Pantallas:"
"Scroll Background Color","Scroll Background Color"
"Search","Búsqueda"
"Search Term","Search Term"
"Search Updated","Search Updated"
"Searching for %@...","Searching for %@..."
"Secondary Color","Color secundario"
"Secondary Font Color","Color de la fuente secundaria"
"See all","See all"
"Select %@","Select %@"
"Select All","Seleccionar todo"
"Select Chart","Select Chart"
"Select Links","Select Links"
"Select Options","Select Options"
"Select Payment Method","Select Payment Method"
"Select Range","Select Range"
"Select a","Select a"
"Select a Billing Address","Select a Billing Address"
"Select a Shipping Address","Select a Shipping Address"
"Select from Address Book","Select from Address Book"
"Select shipping method","Select shipping method"
"Selected product is unavailable.","Artículo seleccionado no está disponible."
"Send","Send"
"Sender Information","Absenderangaben"
"Sending e-mail failed...","Sending e-mail failed..."
"Set","Set"
"Settings","Einstellungen"
"Shake device to reset the filter","Shake device to reset the filter"
"Share","Share"
"Share on LinkedIn","Share on LinkedIn"
"Share on Twitter","Share on Twitter"
"Ship method","Ship method"
"Shipped","Enviado"
"Shipping","Shipping"
"Shipping Address","Dirección de envío"
"Shipping Method","Método de envío"
"Shipping address","Shipping address"
"Shipping address has been set.","Shipping address has been set."
"Shipping method","Shipping method"
"Shipping method has been set.","Se ha establecido el método de envío."
"Shipping method is required","Es obligatorio indicar el método de envío."
"Shipping method successfully updated","Modo de envío actualizado con éxito."
"Shipping to this address is not possible.","El envío a esta dirección no es posible."
"Shop","Tienda"
"Shop All","Comprar todos"
"Shop Updated","Tienda actualizada"
"Shopping Cart","Carrito de compras"
"Shopping cart is empty.","El carrito de compras está vacío."
"Show Password","Mostrar contraseña"
"Sign In","Ingresar"
"Signing In...","Iniciando sesión..."
"Signing Out ...","Cerrando sesión ..."
"Sky Blue","Sky Blue"
"Social Networking","Redes sociales"
"Some emails were not sent.","Einige Mails wurden nicht gesendet."
"Sorry, no payment options are available for this order at this time.","Sorry, no payment options are available for this order at this time."
"Sorry, no quotes are available for this order at this time.","Sorry, no quotes are available for this order at this time."
"Sorry, there are no items in this category.","Sorry, there are no items in this category."
"Special","Especial"
"Special Excl. Tax","Especial excl. impuestos"
"Special Incl. Tax","Especial incl. impuestos"
"Specific Countries","Especifique países."
"Specified address does not exist.","La dirección que ha introducido no existe."
"Specified invalid app code.","Specified invalid app code."
"Specified invalid data.","Los datos que introdujo no son válidos."
"Specified item does not exist in wishlist.","El artículo especificado no está en la lista de deseos."
"Standard Checkout","Pago usual"
"Standard Checkout uses the checkout methods provided by Magento. Only inline payment methods are supported. (e.g PayPal Direct,  Authorize.Net, etc.)","Standard Checkout uses the checkout methods provided by Magento. Only inline payment methods are supported. (e.g PayPal Direct,  Authorize.Net, etc.)"
"Start Date","Fecha de inicio"
"Start Date - Month","Fecha de inicio - Mes"
"Start Date - Year","Fecha de inicio - Año"
"Starting At","Desde"
"Starting At Excl. Tax","Starting At Excl. Tax"
"Starting At Incl. Tax","Starting At Incl. Tax"
"Starting at excl. tax","Starting at excl. tax"
"Starting at incl. tax","Starting at incl. tax"
"State/Province","Staat/Bezirk"
"Status","Status"
"Storage of offline cart on server failed. Please retry later","Storage of offline cart on server failed. Please retry later"
"Store Credit Info Updated","Store Credit Info Updated"
"Store Credit payment is not being used in your shopping cart.","El pago mediante tarjeta de crédito no aparece en su carrito de compra."
"Store View","Vista de la tienda"
"Store credit","Store credit"
"Store logo that is displayed on copyright page of app.","Store logo that is displayed on copyright page of app."
"Store logo that is displayed on copyright page of app. Preferred size: 100px x 100px.","El logo de la tienda que se muestra en la página de copyright de la aplicación. Tamaño preferido: 100px x 100px."
"Store logo that is displayed on copyright page of app. Preferred size: 200px x 200px.","Store logo that is displayed on copyright page of app. Preferred size: 200px x 200px."
"Store switcher hasn\'t been defined","Store switcher hasn\'t been defined"
"Street Address","Calle"
"Street Address %s","Dirección postal %s"
"Street Address 2","Dirección postal 2"
"Subject:","Sujeto:"
"Submission","Transmisión"
"Submission Fields","Transmisión Campos"
"Submission History","Transferencias anteriores"
"Submit App","Enviar aplicación"
"Submit App ""%s""","Enviar aplicación ""%s"""
"Submit App failure. %s","Aplicación no fue transmitida. %s"
"Submit App failure. Invalid activation key provided","Aplicación fue transmitida. Clave de activación especificada no es válida."
"Submit Review","Transmitir reseña del cliente"
"Submitted","Transmitido"
"Submitting Review...","Transmitiendo reseña..."
"Subtotal","Subtotal"
"Subtotal (Excl. Tax)","Subtotal (excl. tax.)"
"Subtotal (Incl. Tax)","Subtotal (incl. tax.)"
"Subtotal Excl. Tax","Subtotal excl. tax"
"Subtotal Incl. Tax","Subtotal incl. tax"
"Subtotal excluding tax","Subtotal excluding tax"
"Subtotal incl. tax:","Subtotal incl. tax:"
"Subtotal including tax","Subtotal including tax"
"Subtotal:","Subtotal:"
"Success","Éxito"
"Successfully posted to Facebook","Con éxito publicado en Facebook"
"Successfully posted to Linkedin","Con éxito publicado en Linkedin"
"Suffix","Sufijo"
"Summary of Your Review","Resumen de su reseña"
"Swipe a product to reveal more options","Swipe a product to reveal more options"
"T-Shirts","Camisetas"
"Tabs","Pestañas"
"Tax","Impuestos"
"Telephone","Teléfono"
"Tell a Friend","Recomendar a un amigo"
"Tell a Friend is disabled.","Recomendar a un amigo está deshabilitado."
"Tell a Friend link has been sent.","Enlace para recomendar ha sido enviado."
"Template","Plantilla"
"Template Content","Contenido de plantilla"
"Template Name","Nombre de plantilla"
"Template does not exist.","Plantilla no existe."
"Template for new AirMail Message does not exist.","Plantilla para nueva nota AirMail no existe."
"Template has been deleted.","Plantilla fue eliminada."
"Terms And Conditions","Términos y Condiciones"
"Text length does not satisfy specified max text range.","El texto es más largo de lo permitido."
"Text length does not satisfy specified min text range.","El texto es demasiado corto."
"Thank you for registering!","¡Gracias por registrarse!"
"Thank you for your purchase! ","¡Gracias por su compra!"
"The %s field should be filled.","El campo %s debe ser llenado."
"The Mailbox title will be shown in the More Info tab. To understand more about the title, please <a target=""_blank"" href=""http://www.magentocommerce.com/img/product/mobile/helpers/mail_box_title.png"">click here</a>","The Mailbox title will be shown in the More Info tab. To understand more about the title, please <a target=""_blank"" href=""http://www.magentocommerce.com/img/product/mobile/helpers/mail_box_title.png"">click here</a>"
"The application is currently inactive.\nPlease try again later.","La aplicación está actualmente inactivo.\nPor favor, inténtelo de nuevo más tarde."
"The cart is empty","El carrito está vacio"
"The custom amount value should be higher than 0.","The custom amount value should be higher than 0."
"The custom amount value should not be higher than %s.","The custom amount value should not be higher than %s."
"The custom amount value should not be lower than %s.","The custom amount value should not be lower than %s."
"The following email(s) are either mistyped or have incorrect format. Check them and try again:\n","The following email(s) are either mistyped or have incorrect format. Check them and try again:\n"
"The icon that appears in the Android Market.","The icon that appears in the Android Market."
"The icon that appears in the Android Market. Recommended size: 512px x 512px. Maximum size: 1024 KB.","Das Icon erscheint im Android Market. Empfohlene Größe: 512px x 512px. Maximale Größe: 1024 KB."
"The length of the text in the %s field is too big. Please shorten the text.","The length of the text in the %s field is too big. Please shorten the text."
"The max length of the field ""%@"" is %d!","The max length of the field ""%@"" is %d!"
"The minimum password length is 6","The minimum password length is 6"
"The server responded with invalid data.","The server responded with invalid data."
"The shortening service returned status code %d indicating a client side error.","The shortening service returned status code %d indicating a client side error."
"The shortening service returned status code %d indicating a server side error.","The shortening service returned status code %d indicating a server side error."
"The store credit payment has been removed from shopping cart.","El pago mediante tarjeta de crédito se ha eliminado de su carrito de compra."
"The value is too big!","The value is too big!"
"The value should not be greater than %.2f!","The value should not be greater than %.2f!"
"The value should not be less than %.2f!","The value should not be less than %.2f!"
"Theme configurations are successfully reset.","Theme configurations are successfully reset."
"Theme has been created.","Se ha creado el tema."
"Theme has been delete.","El tema ha sido borrado."
"Theme label can\'t be empty","La pestaña de temas no se puede vaciar."
"Theme label:","Pestaña de temas:"
"Theme name is not set.","No hay nombre de tema especificado."
"There are files that were selected but not uploaded yet. After switching to another tab your selections may be lost. Do you wish to continue ?","There are files that were selected but not uploaded yet. After switching to another tab your selections may be lost. Do you wish to continue ?"
"There are no items here","No hay artículos aquí"
"There are no items in your cart","No hay artículos en Su carrito"
"There is an error in loading an app\'s configuration","There is an error in loading an app\'s configuration"
"There is an error in retrieving the data. Please try again later","There is an error in retrieving the data. Please try again later"
"There is no addresses for this contact","There is no addresses for this contact"
"There is no store credit history!","There is no store credit history!"
"There were some problems with the data.","There were some problems with the data."
"This email address was not found in our records.","This email address was not found in our records."
"This functionality disabled in offline mode","This functionality disabled in offline mode"
"This is a required field.","Este es un campo obligatorio."
"This product has no images.","Este artículo no tiene imágenes."
"Title","Título"
"Title bar","Barra de título"
"To","a"
"To Excl. Tax","To Excl. Tax"
"To Incl. Tax","To Incl. Tax"
"To activate PayPal MEP payment method activate Express checkout first. ","Para activar el método de pago PayPal MEP tiene que activar el Express checkout primero."
"To excl. tax","To excl. tax"
"To incl. tax","To incl. tax"
"To preview the newly uploaded images, please save your application first.","To preview the newly uploaded images, please save your application first."
"To:","A:"
"Token has not been set.","No se ha establecido el vale."
"Too many recipients have been set.  Max amount of recipients is:","Too many recipients have been set. Max amount of recipients is:"
"Top Search Terms","Top Search Terms"
"Total","Total"
"Total Order Amount","Total Order Amount"
"Total incl. Tax: %1$s","Total incl. Tax: %1$s"
"Total incl. tax","Total incl. tax"
"Totals","Totals"
"Touch and hold a product to delete from shopping cart","Touch and hold a product to delete from shopping cart"
"Touch and hold a product to reveal more options","Touch and hold a product to reveal more options"
"Try Again","Try Again"
"Twitter","Twitter"
"Twitter API","Twitter-API"
"Twitter API Key","Twitter-API-Key"
"Twitter Authorization","Twitter Authorization"
"Twitter Autorization","Twitter Autorization"
"Twitter Secret Key","Twitter-Secret Key"
"Twitter post failed...","Twitter post failed..."
"Type","Type"
"Type and data is required","Type and data is required"
"URL","URL"
"Unable to cancel Mobile Express Checkout.","No es posible cancelar el pago exprés móvil."
"Unable to cancel queue.","Unable to cancel queue."
"Unable to collect cart totals.","Unable to collect cart totals."
"Unable to delete queue.","No se puede eliminar la cola."
"Unable to find an app to delete.","Unable to find an app to delete."
"Unable to find template to delete.","Unable to find template to delete."
"Unable to get shipping methods list.","No se puede obtener la lista de formas de envío."
"Unable to initialize MEP Checkout.","MEP-Checkout kann nicht initialisiert werden."
"Unable to initialize PayPal Mobile Express Checkout.","No es posible inicializar el pago exprés móvil PayPal."
"Unable to initialize express checkout review.","Imposible inicializar la crítica del pago exprés."
"Unable to initialize express checkout shipping method list.","No se puede inicializar la lista de métodos de envío por pago exprés."
"Unable to initialize return action.","No es posible inicializar la acción retorno."
"Unable to load addresses.","No es posible cargar direcciones."
"Unable to load application form.","Unable to load application form."
"Unable to load banners.","Unable to load banners."
"Unable to load billing address form.","No es posible cargar el impreso de la dirección de facturación."
"Unable to load billing address.","No es posible cargar la dirección de facturación."
"Unable to load categories.","No es posible cargar las categorías."
"Unable to load checkout.","No es posible cargar el pago."
"Unable to load localization.","Unable to load localization."
"Unable to load order list.","No se puede cargar la lista del pedido."
"Unable to load order review.","No se ha podido cargar la confirmación del pedido."
"Unable to load product gallery.","No es posible cargar la galería de productos."
"Unable to load product info.","No se puede cargar la información del producto."
"Unable to load product options.","No se han podido cargar las opciones del producto."
"Unable to load product review.","No es posible cargar la reseña de productos."
"Unable to load product reviews.","No es posible cargar las reseñas de productos."
"Unable to load review form.","No se ha podido cargar el formulario de confirmación."
"Unable to load search.","No es posible cargar la búsqueda."
"Unable to load shipping address form.","No se ha podido cargar el formulario de la dirección de envío."
"Unable to place the order.","Unable to place the order."
"Unable to post the review.","Bewertung konnte nicht abgesendet werden."
"Unable to process preview.","No se puede procesar la vista previa."
"Unable to render a gift card account.","No se ha podido generar una cuenta de tarjeta de regalo."
"Unable to render an order.","No es posible efectuar el pedido."
"Unable to render downloadable products.","Unable to render downloadable products."
"Unable to render the store credits.","No es posible hacer entrega del saldo a crédito en la tienda."
"Unable to save app.","Unable to save app."
"Unable to save message.","No se puede guardar el mensaje."
"Unable to save shipping address.","Dirección de entrega no se pudo guardar."
"Unable to save shipping method.","Método de la entrega no se pudo guardar."
"Unable to save template.","Plantilla no se pude guardar."
"Unable to start MEP Checkout.","Unable to start MEP Checkout."
"Unable to start Mobile Express Checkout.","No es posible comenzar el pago exprés móvil."
"Unable to update shipping method.","No se ha podido actualizar el método de envío."
"Undefined","Undefiniert"
"Unit Price","Unit Price"
"Unit Price:","Unit Price:"
"Unknown Error","Error desconocido"
"Unknown Error.","Error desconocido."
"Unknown Payment Bridge Error","Unknown Payment Bridge Error"
"Unknown error ocured. Please retry later","Unknown error ocured. Please retry later"
"Unsupported character in path: ""%s""","Carácter no soportado en la ruta: «%s»"
"Unsupported value type received","El tipo de valor recibido no es admitido."
"Update Comment Error","Update Comment Error"
"Update Preview","Actualizar vista previa"
"Updating ...","Updating ..."
"Updating Cart...","Updating Cart..."
"Upon receiving these credentials, please fill in the corresponding fields.","Luego de recibir estas credenciales, por favor rellena los campos correspondientes."
"Urban Airship Push Notification","Urban Airship Push-Nachricht"
"Use Billing Address","Use Billing Address"
"Use Store Credit (%s available)","Usar crédito de la tienda (%s disponibles)"
"Use as my default billing address","Utilice como mi dirección de facturación por defecto"
"Use as my default shipping address","Utilice como mi dirección de envío predeterminada"
"Use billing address for shipping","Use billing address for shipping"
"User Name:","User Name:"
"User session is expired","User session is expired"
"Version","Versión"
"View Cart","Mostrar carrito"
"View Details","Mostrar detalles"
"View Gallery","Mostrar galería"
"View Wishlist","Mostrar lista de deseos"
"Warning: All related AirMail messages will be deleted!","Advertencia: ¡Se eliminarán todos los mensajes relacionados con AirMail!"
"Website is offline","Sitio web es fuera de línea"
"Website is offline.","Sitio web es fuera de línea."
"WishList Updated","WishList Updated"
"Wishlist has been cleared.","Lista de deseos fue borrada."
"Wishlist has been updated.","Lista de deseos fue actualizada."
"Wishlist has been updated. But there are accrued some errors while updating some items.","Wishlist has been updated. But there are accrued some errors while updating some items."
"Wishlist is empty.","Lista de deseos está vacía."
"Write a Review","Write a Review"
"Write a review","Write a review"
"Wrong Ipad background image orientation has been specified: ""%s"".","Wrong Ipad background image orientation has been specified: ""%s""."
"Wrong PayPal Mobile Express Checkout Token specified.","El vale de pago exprés móvil de PayPal especificado no es erróneo."
"Wrong device type.","Falscher Gerätetyp."
"Wrong email format","Formato de correo electrónico incorrecto"
"Wrong or expired Gift Card Code.","Código de tarjeta regalo incorrecto o caducado."
"Wrong theme format.","Formato de plantilla incorrecto."
"YYYY","AAAA"
"Year","Año"
"Yes","Sí"
"You are already logged in.","Ya está conectado."
"You are not logged in","You are not logged in"
"You can watch statistics here.","Usted puede ver las estadísticas aquí."
"You canceled your order. Touch ""Pay with PayPal"" to try again.","You canceled your order. Touch ""Pay with PayPal"" to try again."
"You have entered an incorrect decimal value in the custom amount field. Provide a valid value.","You have entered an incorrect decimal value in the custom amount field. Provide a valid value."
"You have placed no orders.","You have placed no orders."
"You have uncommitted actions. Commit?","You have uncommitted actions. Commit?"
"You may also like","También te podría gustar"
"You must login first","Debes iniciar sesión primero"
"You must read and agree to the Terms and Conditions before placing your order.","You must read and agree to the Terms and Conditions before placing your order."
"You need to enable PayPal Express Checkout first from the Payment configuration before enabling PayPal MECL.","Es necesario activar primero el pago exprés móvil PayPal en la configuración de pago antes de activar PayPal MECL"
"You will receive an order confirmation email with details of your order and a link to track its progress.","You will receive an order confirmation email with details of your order and a link to track its progress."
"Your current balance is:","Su balance actual es:"
"Your order # is: %s. ","Su pedido nº es: %s."
"Your order cannot be completed at this time as there is no payment methods available for it.","Your order cannot be completed at this time as there is no payment methods available for it."
"Your order failed. Touch ""Pay with PayPal"" to try again.","Your order failed. Touch ""Pay with PayPal"" to try again."
"Your review has been accepted for moderation.","Ihre Bewertung wurde für die Moderation akzeptiert."
"Your tweet has been sent. Thanks for sharing this product on Twitter","Your tweet has been sent. Thanks for sharing this product on Twitter"
"Zip/Postal Code","Postleitzahl"
"\'%s\' exceeds the allowed file size: %d (bytes)","\'%s\' excede el tamaño máximo aceptado para archivos: %d (bytes)"
"\'%s\' height exceeds allowed value of %d px","La altura de \'%s\' supera el valor permitido de %d píxeles"
"\'%s\' is not a valid file extension. Allowed extensions: %s","\'%s\' no es una extensión de archivo válida. Extensiones permitidas: %s"
"\'%s\' width exceeds allowed value of %d px","\'%s\' ancho excede el valor aceptado de %d px"
"and","y"
"as Guest","como invitado"
"each","cada"
"field is required","campo obligatorio"
"iPad","iPad"
"iPhone","iPhone"
"image_id is required","Se requiere image_id"
"not set","no está definida"
"required","necesario"
"save","guardar"
"ver. %s","ver. %s"
