" or "," o "
"'%value%' appears to be a DNS hostname but cannot extract TLD part","'%value%' parece ser un servidor DNS pero no puede extraer la parte TLD."
"'%value%' appears to be a DNS hostname but cannot match TLD against known list","'%value%' parece ser un servidor DNS pero no puede hacer coincidir en TLD con la lista."
"'%value%' appears to be a DNS hostname but cannot match against hostname schema for TLD '%tld%'","'%value%' parece ser un servidor DNS pero no puede hacer coincidir el esquema del servidor con el TLD '%tld%'."
"'%value%' appears to be a DNS hostname but contains a dash in an invalid position","'%value%' parece ser un servidor DNS pero contiene un guion en una posición inválida."
"'%value%' appears to be a DNS hostname but the given punycode notation cannot be decoded","'%value%' parece ser un nombre de servidor DNS pero no se puede descifrar la notación del Punycode introducido"
"'%value%' appears to be a local network name but local network names are not allowed","'%value%' parece ser un nombre de red local, pero no se permiten nombres de redes locales."
"'%value%' appears to be an IP address, but IP addresses are not allowed","'%value%' parece ser una dirección IP, pero no se permiten direcciones IP."
"'%value%' does not appear to be a valid local network name","'%value%' no parece ser un nombre válido de una red local."
"* Required Fields","* Campos requeridos"
"ALL GROUPS","Todos grupos de clientes"
"Account Dashboard","Cuenta Panel de control"
"Account Information","Cuenta Información"
"Account Sharing Options","Cuenta Opciones para compartir"
"Account confirmation is required. Please, check your e-mail for confirmation link. To resend confirmation email please <a href=""%s"">click here</a>.","Es necesario confirmar la cuenta. Por favor, abra en su correo electrónico el enlace de confirmación. Para volver a enviar el correo electrónico de confirmación por favor, <a href=""%s"">pulse aquí</a>."
"Account confirmation is required. Please, check your email for the confirmation link. To resend the confirmation email please <a href=""%s"">click here</a>.","Es necesario confirmar la cuenta. Por favor, abra en su correo electrónico el enlace de confirmación. Para volver a enviar el correo electrónico de confirmación por favor, <a href=""%s"">pulse aquí</a>."
"Action","Acción"
"Add New Address","Nueva dirección"
"Add New Customer","Nuevo cliente"
"Add New Customer Group","Nuevo grupo de clientes"
"Added From","Añadido de"
"Additional Address Entries","Entradas adicionales de direcciones postales"
"Address","Dirección postal"
"Address Book","Libreta de direcciones"
"Address Books","Libretas de direcciones"
"Address Information","Información de la dirección"
"Address Templates","Plantillas para direcciones"
"Addresses","Direcciones"
"Admin","Administrar"
"All","Todo"
"All Store Views","Todas las vistas de tienda"
"All countries","Todos los países"
"Always optional.","Siempre opcional"
"Amount","Importe"
"An error occurred while deleting the address.","Un error se ha producido al eliminar la dirección."
"An error occurred while retrieving the option value: %s.","Un error se ha producido al recuperar el valor de la opción: %s."
"An error occurred while saving the collection, aborting. Error: %s","Un error se ha producido al guardar la colección. Se anulará la operación. Error: %s"
"An invalid option ID is specified for %s (%s), skipping the record.","Se ha especificado una opción ID inválida para %s (%s), se omite el registro."
"Approved","Aprobado"
"Are you sure that you want to remove this item?","¿Realmente quiere quitar este artículo?"
"Are you sure you want to cancel adding of this address?","¿Realmente quiere cancelar el añadido de esta dirección?"
"Are you sure you want to delete this address?","¿Realmente quiere borrar esta dirección?"
"Are you sure?","¿Está seguro?"
"Array of Entity collections is expected.","Se esperaba una cadena de colecciones de entidad"
"Assign a Customer Group","Asignar un grupo de clientes"
"Average Sale","Venta promedio"
"Back","Volver atrás"
"Back - link to the previously viewed page","Atrás - Enlace a la página vista anteriormente"
"Back to Login","Volver al formulario de acceso"
"Bad request.","Solicitud incorrecta."
"Based on the VAT ID, the customer would belong to the Customer Group %s.","En base al ID del IVA, el cliente pertenece al grupo de clientes %s."
"Bill to Name","Factura a nombre de"
"Bought From","Comprado de"
"By creating an account with our store, you will be able to move through the checkout process faster, store multiple shipping addresses, view and track your orders in your account and more.","Al crear una cuenta con nuestra tienda podrá realizar el proceso de compra más rápidamente, manejar múltiples direcciones de envío, ver y seguir el rastro de sus pedidos y mucho más."
"CSV","CSV"
"Cancel","Cancelar"
"Can't save address.","No se puede guardar la dirección."
"Can't save the customer.","No se puede guardar el cliente."
"Cannot save a new password.","No se puede guardar la nueva contraseña."
"Cannot save address.","No se puede guardar la dirección."
"Cannot save the customer.","No se puede guardar el cliente."
"Cannot share customer accounts globally because some customer accounts with the same emails exist on multiple websites and cannot be merged.","No se puede compartir las cuentas de los clientes globales. Debido a que algunas cuentas de clientes con la misma dirección de correo electrónico existentes en varios sitios web y no se pueden combinar."
"Change Account Password","Cambiar la contraseña de la cuenta"
"Change Billing Address","Cambiar la dirección de facturación"
"Change Password","Cambiar la contraseña"
"Change Shipping Address","Cambiar la dirección de envío"
"City","Ciudad"
"Company","Compañía"
"Config","Configuración"
"Configure","Configurar"
"Confirm New Password","Confirmar la nueva contraseña"
"Confirm Password","Confirmar la contraseña"
"Confirmation Link Email","Enlace de confirmación para el correo electrónico"
"Confirmed","Confirmado"
"Contact Information","Información de contacto"
"Continue Shopping","Continuar comprando"
"Country","País"
"Create","Crear"
"Create New Account Options","Crear nuevas opciones para una cuenta"
"Create New Customer Account","Crear nueva cuenta de cliente"
"Create Order","Crear pedido"
"Create an Account","Crear cuenta"
"Create customer","Crear cliente"
"Create customer address","Crear dirección de cliente"
"Created From","Creado desde"
"Current Admin Password","Contraseña actual del administrador"
"Current Password","Contraseña actual"
"Customer","Cliente"
"Customer API","API del cliente"
"Customer Account Edit Form","Cuenta de cliente - Formulario de editar"
"Customer Account Login Form","Cuenta de cliente - Formulario de acceder"
"Customer Account Logout Success","Cuenta de cliente - Éxito de terminar la sesión"
"Customer Account Registration Form","Cuenta de cliente - Formulario de registrar"
"Customer Addresses","Direcciones del cliente"
"Customer Configuration","Configuración del cliente"
"Customer Forgot Password Form","Cliente - Formulario ""se ha olvidado su contraseña"""
"Customer Group","Grupo del cliente"
"Customer Group was successfully deleted","Grupo del cliente fue borado"
"Customer Group was successfully saved","Grupo del cliente fue guardado"
"Customer Groups","Grupos del cliente"
"Customer Information","Información del cliente"
"Customer Login","Acceso del cliente"
"Customer My Account (All Pages)","Cliente Mi cuenta (todas las páginas)"
"Customer My Account Address Book","Cliente Mi cuenta (libreta de direcciones)"
"Customer My Account Address Edit Form","Cliente Mi cuenta (formulario de editar direcciones)"
"Customer My Account Dashboard","Cliente Mi cuenta (panel de administración)"
"Customer Since","Cliente desde"
"Customer View","Vista de cliente"
"Customer collection expected.","Se esperaba colección de clientes."
"Customer email already exists","El correo electrónico del cliente ya existe."
"Customer email is required","Se requiere el correo electrónico del cliente."
"Customer email is required.","Se requiere el correo electrónico del cliente."
"Customer website ID must be specified when using the website scope","Debe especificarse la identificación de página web del cliente cuando se usa el campo de la página web."
"Customer website ID must be specified when using the website scope.","Debe especificarse la identificación de página web del cliente cuando se usa el campo de la página web."
"Customer will stay on the current page if ""No"" is selected.","El cliente permanecerá en la página actual si se elige «No»."
"Customers","Clientes"
"Customers Only","Sólo clientes"
"Customers Section","Sección de clientes"
"DD","DD"
"Date","Fecha"
"Date Added","Fecha añadida"
"Date Of Birth","Fecha de nacimiento"
"Date of Birth","Fecha de nacimiento"
"Date of Birth is required.","La fecha de nacimiento es necesario."
"Day","Día"
"Days in Wishlist","Días en la lista de deseos"
"Default Addresses","Direcciones (predeterminado)"
"Default Billing Address","Dirección de facturación (predeterminado)"
"Default Email Domain","Dominio de correo electrónico (predeterminado)"
"Default Group","Grupo (predeterminado)"
"Default Shipping Address","Dirección de envío (predeterminado)"
"Default Value for Disable Automatic Group Changes Based on VAT ID","Valor para Disable Automatic Group Changes Based on VAT ID (predeterminado)"
"Default Welcome Email","Correo de bienvenida (predeterminado)"
"Delete","Borrar"
"Delete Address","Borrar dirección"
"Delete Customer","Borrar cliente"
"Delete Customer Group","Borrar grupo de clientes"
"Delete customer","Borrar cliente"
"Delete customer address","Borrar dirección del cliente"
"Deleted Stores","Tiendas borradas"
"Details","Detalles"
"Disabled","Deshabilitado"
"Edit","Editar"
"Edit Account Info","Editar información de la cuenta"
"Edit Account Information","Editar información de la cuenta"
"Edit Address","Editar dirección"
"Edit Address Entry","Editar entrada de la dirección"
"Edit Customer Group ""%s""","Editar grupo del cliente ""%s"""
"Edit Customer Groups","Editar grupos del cliente"
"Edit Customer's Address","Editar direcciones del cliente"
"Edit Group","Editar grupo"
"Edit Newsletter Subscription","Editar suscripción al boletín de noticias"
"Edit Newsletters","Editar boletines de noticias"
"Edit Personal Information","Editar información personal"
"Edit Address","Editar dirección"
"Email","Correo electrónico"
"Email Address","Dirección de correo electrónico"
"Email Sender","Remitente de correo electrónico"
"Email:","Correo electrónico:"
"Enable Automatic Assignment to Customer Group","Habilitar la asignación automática al grupo de clientes"
"Entity collection is expected.","Se esperaba una colección de entidad."
"Excel XML","Excel XML"
"Ext. Price","Precio total (precio por unidad x cantidad)"
"Failed to confirm customer account.","Falló al confirmar la cuenta del cliente."
"Fax","Fax"
"First Name","Nombre"
"Forgot Email Template","Plantilla para recordatorio de correo electrónico"
"Forgot Password","Contraseña olvidado"
"Forgot Your Password","Olvidó su contraseña"
"Forgot Your Password?","¿Olvidó su contraseña?"
"Forgot and Remind Email Sender","Olvidar y recordar - Remitente del correo electrónico"
"Form Fields Before","Campos del formulario antes"
"From your My Account Dashboard you have the ability to view a snapshot of your recent account activity and update your account information. Select a link below to view or edit information.","Desde el «panel de control» de su cuenta puede ver una instantánea de las actividades recientes en su cuenta y actualizar la información de su cuenta. Elija uno de los siguientes enlaces para ver o cambiar la información."
"Gender","Sexo"
"Gender is required.","Se requiere el sexo."
"General Subscription","Suscripción general"
"Generate Human-Friendly Customer ID","Generar ID de cliente amigable"
"Global","Global"
"Grand Total","Importe total"
"Group","Grupo"
"Group Information","Información del grupo"
"Group Name","Nombre del grupo"
"Group for Invalid VAT ID","Grupo para ID del IVA no válido"
"Group for Valid VAT ID - Domestic","Grupo para ID del IVA válido - Doméstico"
"Group for Valid VAT ID - Intra-Union","Grupo para ID del IVA válido - Intraunión"
"Guest","Visitante"
"HTML","HTML"
"Hello, %s!","¡Hola, %s!"
"ID","ID"
"IP Address","Dirección IP"
"If there is an account associated with %s you will receive an email with a link to reset your password.","Si encontramos una cuenta asociado con %s, le enviaremos un correo electrónico con un enlance, con cual usted puede reiniciar Su contraseña."
"If you are a registered VAT customer, please click <a href=""%s"">here</a> to enter you billing address for proper VAT calculation","Si usted es un cliente registrado de IVA, por favor haga <a href=""%s"">clic aquí</a> para entrar una dirección de facturación para el cálculo correcto de IVA"
"If you are a registered VAT customer, please click <a href=""%s"">here</a> to enter you shipping address for proper VAT calculation","Si usted es un cliente registrado de IVA, por favor haga <a href=""%s"">clic aquí</a> para entrar una dirección del envío para el cálculo correcto de IVA"
"If you believe this is an error, please contact us at %s","Si usted está convencido, que este es un error, por favor, contáctenos através de %s."
"If you have an account with us, please log in.","Si usted tiene una cuenta con nosotros, por favor acceda."
"Invalid attribute option specified for attribute %s (%s), skipping the record.","Se especificó una opción de atributo inválida para el atributo %s (%s). Se omitirá el registro."
"Invalid attribute set specified, skipping the record.","Se especificó un conjunto de atributos inválido. Se omitirá el registro."
"Invalid billing address for (%s)","Dirección de facturación es inválida para (%s)"
"Invalid current password","La contraseña actual es inválida"
"Invalid customer data","Los datos del cliente son inválidos"
"Invalid email address ""%s"".","La dirección de correo electrónico ""%s"" es inválida."
"Invalid email address.","La dirección de correo electrónico es inválida."
"Invalid login or password.","Usuario o password inválidos."
"Invalid option id specified for %s (%s), skipping the record.","Opción id especificada para %s (%s) invádido. Se omitirá el registro."
"Invalid password reset token.","La contraseña no es correcta, reinicie el token."
"Invalid shipping address for (%s)","La dirección de envío es inválida para (%s)"
"Invalid store specified, skipping the record.","Se especificó una tienda no válida. Se omitirá el registro."
"Invalid website, skipping the record, line: %s","Sitio web inválido, se omite el registro, línea: %s"
"JavaScript Template","Plantilla JavaScript"
"Last Activity","Última actividad"
"Last Date Subscribed","Última fecha de suscripción"
"Last Date Unsubscribed","Última fecha de desuscripción"
"Last Name","Apellidos"
"Last URL","Última URL"
"Last date subscribed","Última fecha de suscripción"
"Last date unsubscribed","Última fecha de desuscripción"
"Leave empty for default (15 minutes).","Dejar en blanco para tomar el valor por defecto (15 minutos)."
"Leave empty for default (2). Valid range: 1-4","Dejar en blanco por defecto (2). Rango válido: 1-4"
"Lifetime Sales","Ventas acumuladas"
"Log In","Iniciar sesión"
"Log Out","Cerrar sesión"
"Login","Iniciar sesión"
"Login Information","Información de acceso"
"Login Options","Opciones para el acceso"
"Login and password are required.","Se requiere identificador y contraseña."
"Login or Create an Account","Identificarse o crear una cuenta"
"MM","MM"
"Manage Addresses","Gestionar direcciones"
"Manage Customers","Gestionar clientes"
"Maximum length must be less then %s symbols","Longitud máxima debe ser menor de %s símbolos."
"Middle Name","Segundo nombre"
"Missing email, skipping the record, line: %s","Correo electrónico perdido, se omite el registro en línea %s."
"Missing email, skipping the record.","Correo electrónico perdido, se omite el registro."
"Missing first name, skipping the record, line: %s","Nombre perdido, se omite el registro."
"Missing firstname, skipping the record.","Nombre perdido, se omite el registro."
"Missing last name, skipping the record, line: %s","Apellido perdido, se omite el registro."
"Missing lastname, skipping the record.","Apellido perdido, se omite el registro."
"Missing website, skipping the record, line: %s","Sitio web perdido, se omite el registro en línea %s."
"Month","Mes"
"My Account","Mi cuenta"
"My Account Wrapper","Mi cuenta envoltorio"
"My Dashboard","Mi panel de control"
"My Orders","Mis pedidos"
"My Reviews","Mis reseñas"
"My Tags","Mis etiquetas"
"My Wishlist","Mi lista de deseos"
"Name","Nombre"
"Name and Address Options","Opciones de nombre y dirección"
"Never","Nunca"
"New Address","Nueva dirección"
"New Address Entry","Nueva anotación de dirección"
"New Customer","Nuevo cliente"
"New Customer Address","Nueva dirección del cliente"
"New Customer Group","Nuevo grupo de clientes"
"New Customer Groups","Nuevos grupos de clientes"
"New Customers","Nuevos clientes"
"New Group","Nuevo grupo"
"New Password","Nueva contraseña"
"New account","Nueva cuenta"
"New account confirmation key","Nueva clave de confirmación de cuenta"
"New account confirmed","Nueva cuenta confirmada"
"New password field cannot be empty.","El campo de nueva contraseña no se puede dejar en blanco."
"Newsletter","Boletín informativo"
"Newsletter Finish","Fin del boletín informativo"
"Newsletter Information","Información del boletín informativo"
"Newsletter Received","Boletín informativo recibido"
"Newsletter Start","Inicio del boletín informativo"
"Newsletter Subscription","Suscripción al boletín informativo"
"Newsletters","Boletines informativos"
"No Items Found","No se encontraron artículos"
"No Newsletter Found","No se encontraron boletines informativos"
"No customer collections found","No se encontraron colecciones de clientes."
"No item specified.","No objeto especificado."
"Not Sent","No enviado"
"Not confirmed, can login","Sin confirmar. Puede iniciar sesión"
"Not confirmed, cannot login","Sin confirmar. No puede iniciar sesión"
"Number of Lines in a Street Address ","Cantidad de líneas de la dirección"
"Offline","Desconectado"
"Online","Conectado"
"Online Customers","Clientes conectados"
"Online Customers Options","Opciones para clientes conectados"
"Online Minutes Interval","Intervalo de minutos con conexión"
"Order #","Pedido nº"
"Order Total","Total del pedido"
"Orders","Pedidos"
"PDF","PDF"
"Password","Contraseña"
"Password Management","Gestionar contraseñas"
"Password Options","Opciones de contraseña"
"Password fields cannot be empty.","Rellene el campo contraseña."
"Password forgotten","Recordatorio de contraseña"
"Password must have at least 6 characters. Leading or trailing spaces will be ignored.","La contraseña debe tener 6 carácteres como mínimo. Los espacios en blanco serán ignorados."
"Password:","Contraseña:"
"Paused","Detenido"
"Pending","Pendiente"
"Per Website","Por sitio web"
"Personal Information","Información personal"
"Please enter a number 1 or greater in this field.","Por favor, introduzca número 1 o mayor en este campo."
"Please enter a valid date between %s and %s at %s.","Por favor, introduzca una fecha válida entre %s y %s en %s."
"Please enter a valid date equal to or greater than %s at %s.","Por favor, introduzca una fecha válida igual o mayor que %s en %s."
"Please enter a valid date less than or equal to %s at %s.","Por favor, introduzca una fecha válida menor o igual que %s en %s."
"Please enter the city.","Por favor, introduzca la ciudad."
"Please enter the country.","Por favor, introduzca el país."
"Please enter the first name.","Por favor, introduzca el nombre."
"Please enter the last name.","Por favor, introduzca el apellido."
"Please enter the state/province.","Por favor, introduzca el estado/provincia."
"Please enter the street.","Por favor, introduzca la calle."
"Please enter the telephone number.","Por favor, introduzca el número de teléfono."
"Please enter the zip/postal code.","Por favor, introduzca el código postal."
"Please enter your email address below. You will receive a link to reset your password.","Por favor, introduzca su correo electrónico. Recibirá un enlace para restablecer su contraseña."
"Please enter your email below and we\'ll send you confirmation link for it.","Por favor, introduzca su dirección de correo electrónico y le enviaremos un enlace de confirmación."
"Please enter your email.","Por favor, introduzca su dirección de correo electrónico."
"Please make sure your passwords match.","Por favor, asegúrese de que sus contraseñas coinciden."
"Please select","Por favor, seleccione"
"Please select a website which contains store view","Por favor, seleccione un sitio web, que contiene una vista de tienda."
"Please select region, state or province","Por favor, seleccione una región, estado o provincia"
"Please, check your email for confirmation key.","Por favor, revise su correo electrónico y busque la clave de confirmación. Si dicho correo electrónico no aparece en su buzón de entrada, revise su carpeta de correo basura o equivalente (Spam/Bulk/Junk)."
"Prefix Dropdown Options","Opciones para listas desplegables con prefijo"
"Price","Precio"
"Product","Artículo"
"Product ID","ID de artículo"
"Product Name","Nombre del artículo"
"Product Reviews","Reseñas de artículo"
"Product Tags","Etiquetas de artículo"
"Purchase On","Comprado en "
"Purchased At","Comprado el"
"Purchased On","Comprado en"
"Qty","Cant."
"Recent Orders","Pedidos recientes"
"Records for %s store found.","Registros encontrado para la tienda %s."
"Recovery Link Expiration Period (days)","Periodo de caducidad del enlace de recuperación (en días)"
"Redirect Customer to Account Dashboard after Logging in","Redirigir a los clientes al Panel de Control de la cuenta después de iniciar sesión"
"Refunded","Reembolsado"
"Register","Registrarse"
"Registered Customers","Clientes registrados"
"Remind Email Template","Plantilla para el correo electrónico de recordatorio"
"Remind Password","Recordar contraseña"
"Remove","Eliminar"
"Remove address","Eliminar dirección"
"Require Emails Confirmation","Solicitar confirmación por correo electrónico"
"Require admin user to change user password","Usuario con derechos de administrador requerido para cambiar la contraseña del usuario"
"Reset a Password","Reinicializar contraseña"
"Retrieve address data","Recuperar datos de la dirección"
"Retrieve address info","Recuperar información de la dirección"
"Retrieve customer addresses","Recuperar direcciones del cliente"
"Retrieve customer data","Recuperar datos del cliente"
"Retrieve customer groups","Recuperar grupos del cliente"
"Retrieve customer info","Recuperar información del cliente"
"Retrieve customers","Recuperar clientes"
"Retrieve your confirmation link here","Recupere aquí su enlace de confirmación"
"Retrieve your password here","Recupere aquí su contraseña"
"SKU","Unidad de mantenimiento de existencias (SKU)"
"Sales Statistics","Estadísticas de ventas"
"Save","Guardar"
"Save Address","Guardar dirección"
"Save Customer","Guardar cliente"
"Save Customer Group","Guardar grupo de clientes"
"Save Password","Guardar contraseña"
"Save and Continue Edit","Guardar y continuar editando"
"Saved %d record(s)","%s registro(s) guardado(s)"
"Semicolon (;) separated values.<br/>Put semicolon in the beginning for empty first option.<br/>Leave empty for open text field.","Valores separados por punto y coma (;).<br/>Coloque un punto y coma al comienzo para dejar la primera opción vacía.<br/>Deje el primer lugar vacío para crear un campo de texto abierto."
"Send Auto-Generated Password","Enviar la contraseña generada automáticamente"
"Send From","Enviar desde"
"Send Welcome Email","Enviar mensaje de correo electrónico de bienvenida"
"Send Welcome Email after Confirmation","Enviar mensaje de correo electrónico de bienvenida después de la confirmación"
"Send auto-generated password","Enviar contraseña autogenerada"
"Send confirmation link","Enviar enlace de confirmación"
"Sending","Enviando"
"Sent","Enviado"
"Session Start Time","Hora de inicio de la sesión"
"Set as Default Billing Address","Establecer como dirección de facturación predeterminada"
"Set as Default Shipping Address","Establecer como dirección de envío predeterminada"
"Share Customer Accounts","Compartir cuentas de cliente"
"Shipped to First Name","Enviado a Nombre"
"Shipped to Last Name","Enviado a Apellidos"
"Shipped to Name","Enviado a Nombre"
"Shopping Cart","Carrito de compras"
"Shopping Cart - %d item(s)","Carrito de compras - %d artículo(s)"
"Shopping Cart of %1$s - %2$d item(s)","Carrito de compras de %1$s a %2$s artículos"
"Show Date of Birth","Mostrar fecha de nacimiento"
"Show Gender","Mostrar sexo"
"Show Middle Name (initial)","Mostrar segundo nombre (inicial)"
"Show Prefix","Mostrar prefijo"
"Show Suffix","Mostrar sufijo"
"Show Tax/VAT Number","Mostrar número de IVA/impuestos"
"Show VAT Number on Frontend","Mostrar el número del IVA en el Frontend"
"Sign Up for Newsletter","Apuntarse al boletín informativo"
"Skipping import row, required field ""%s"" is not defined.","Omitir la importación de la fila. El campo requerido ""%s"" no está definido."
"Skipping import row, website ""%s"" field does not exist.","Omitir la importación de la fila. El campo del sitio web ""%s"" no existe."
"State/Province","Estado/Provincia"
"Status","Estado"
"Store","Tienda"
"Store View","Vista de tienda"
"Street Address","Calle"
"Street Address ","Calle"
"Street Address %s","Calle %s"
"Subject","Asunto"
"Submit","Enviar"
"Subscribe to Newsletter","Suscribirse al boletín informativo"
"Subscribed to Newsletter?","¿Está suscrito al boletín informativo?"
"Suffix Dropdown Options","Opciones para listas desplegables con sufijo"
"Tag Name","Nombre de la etiqueta"
"Tax Calculation Based On","Cálculo de impuestos basado en"
"Tax Class","Clase impositiva"
"Tax/VAT Number","Número de IVA/impuestos"
"Tax/VAT number","Número de IVA/impuestos"
"Telephone","Teléfono"
"Text","Texto"
"Text One Line","Texto en una línea"
"Thank you for registering with %s.","Gracias por registrarse en %s."
"The Date of Birth is required.","Se requiere la fecha de nacimiento."
"The TAX/VAT number is required.","Se requiere el número de IVA."
"The VAT ID entered (%s) is not a valid VAT ID.","El ID de IVA introducido (%s) no es un ID de IVA válido."
"The VAT ID entered (%s) is not a valid VAT ID. The customer would belong to Customer Group %s.","El ID de IVA introducido (%s) no es un ID de IVA válido. El cliente podría pertenecer al grupo de clientes %s."
"The VAT ID is valid. The current Customer Group will be used.","El ID de IVA es válido. Se utilizará el grupo de cliente actual."
"The account information has been saved.","Se guardó la información de la cuenta."
"The address does not belong to this customer.","La dirección no pertenece a este cliente."
"The address has been deleted.","Se eliminó la dirección."
"The address has been saved.","Se guardó la dirección."
"The customer ID and email did not match, skipping the record, line: %s","El ID de cliente y el correo electrónico no coinciden, saltando el registro, línea: %s"
"The customer does not have default billing address.","El cliente no tiene una dirección de facturación predeterminada."
"The customer email (%s) already exists, skipping the record, line: %s","La dirección de correo (%s) del cliente ya existe, saltando el registro, línea: %s"
"The customer group has been deleted.","El grupo del cliente fue borrado."
"The customer group has been saved.","El grupo del cliente fue guardado."
"The customer is currently assigned to Customer Group %s.","El cliente está asignado actualmente al grupo de cliente %s."
"The first name cannot be empty.","Rellene el campo nombre."
"The group ""%s"" cannot be deleted","El grupo ""%s"" no puede ser borrado."
"The group ""%s"" cannot be deleted.","El grupo ""%s"" no puede ser borrado."
"The last name cannot be empty.","Rellene el campo apellidos."
"The minimum password length is %s","La longitud mínima de la contraseña es de %s."
"The password cannot be empty.","Rellene el campo contraseña."
"The password must have at least 6 characters. Leading or trailing spaces will be ignored.","La contraseña debe tener al menos 6 caracteres. Se ignorarán los espacios antes o después."
"The suffix that goes after name (Jr., Sr., etc.)","El sufijo que va después de nombre (padre, hijo, etc.)"
"The title that goes before name (Mr., Mrs., etc.)","El título que va antes del nombre (señor, señorita, etc.)"
"There are no items in customer's wishlist at the moment","No hay artículos en la lista de deseos del cliente en este momento."
"There are no items in customer\'s shopping cart at the moment","No hay artículos en el carrito de la compra del cliente en este momento."
"There is already an account with this email address. If you are sure that it is your email address, <a href=""%s"">click here</a> to get your password and access your account.","Ya existe una cuenta con esta dirección de correo electrónico. Si está seguro de que esa es su dirección de correo electrónico, <a href=""%s"">pulse aquí</a> para conseguir su contraseña y acceder a su cuenta."
"There was an error validating the VAT ID.","Ha habido un error validando el ID de IVA."
"There was an error validating the VAT ID. The customer would belong to Customer Group %s.","Ha habido un error validando el ID de IVA. El cliente podría pertenecer al grupo de cliente %s."
"This account is not confirmed.","Esta cuenta no está confirmada."
"This account is not confirmed. <a href=""%s"">Click here</a> to resend confirmation email.","Esta cuenta no está confirmada. Haga <a href=""%s"">clic aquí</a> para solicitar de nuevo la confirmación por e-mail."
"This customer email already exists","Este correo electrónico de cliente ya existe."
"This customer email already exists.","Este correo electrónico de cliente ya existe."
"This customer has no saved addresses.","Este cliente no tiene direcciones guardadas."
"This email address was not found in our records","Esta dirección de correo electrónico no fue encontrada en los registros."
"This email does not require confirmation.","Este mensaje de correo electrónico no requiere confirmación."
"This email will be sent instead of default welcome email, after account confirmation.","Se enviará este mensaje de correo electrónico en lugar del mensaje de bienvenida predeterminado, después de la confirmación de la cuenta."
"This is My Default %s Address","Esta es mi principal %s dirección."
"This value must be greater than 0.","Este valor tiene que ser mayor que 0."
"To Cart","Al carrito"
"To show VAT number on frontend, set Show VAT Number on Frontend option to Yes.","Para mostrar el número del IVA en el Frontend, configure la opción „Mostrar número de IVA“ en el Backend a „Sí“."
"Total","Total"
"Type","Tipo"
"Unable to save the customer.","No se puede guardar el cliente."
"Unknown","Desconocido"
"Unsubscribe from Newsletter","Cancelar suscripción al boletín informativo"
"Update","Actualizar"
"Update customer address data","Actualizar datos de dirección del cliente"
"Update customer data","Actualizar datos del cliente"
"Use as My Default %s Address","Usar como mi dirección %s por defecto"
"Use as My Default Billing Address","Usar como mi dirección de facturación por defecto"
"Use as My Default Shipping Address","Usar como mi dirección de envíos por defecto"
"Use as my default billing address","Usar como mi dirección de facturación por defecto"
"Use as my default shipping address","Usar como mi dirección de envíos por defecto"
"VAT Number","Número de IVA"
"VAT Request Date","Fecha de petición de IVA"
"VAT Request Identifier","Identificador de petición de IVA"
"VAT number","Número de IVA"
"Validate VAT Number","Validar número de IVA"
"Validate on Each Transaction","Validar en cada transacción"
"Validation Error Group","Error de validación al grupo"
"View","Ver"
"View Order","Ver pedido"
"Visitor","Visitante"
"Visitors Only","Sólo para visitantes"
"Website","Sitio web"
"Welcome Email","Mensaje de correo electrónico de bienvenida"
"Wishlist","Lista de deseos"
"Wishlist - %d item(s)","Lista de deseos - %d artículo(s)"
"Would you like to change the Customer Group for this order?","¿Desea cambiar el grupo de clientes para este pedido?"
"Wrong confirmation key.","Clave de confirmación incorrecta."
"Wrong customer account specified.","Se especificó una cuenta de cliente incorrecta."
"Wrong email.","Se especificó una dirección de correo electrónico incorrecta."
"Wrong transactional account email type","Tipo de correo electrónico de cuenta de transacciones incorrecto."
"Wrong transactional account email type.","Tipo de correo electrónico de cuenta de transacciones incorrecto."
"YYYY","AAAA"
"Year","Año"
"Yes","Sí"
"You are currently not subscribed to any newsletter.","Actualmente no está suscrito a ningún boletín informativo."
"You are currently not subscribed to our newsletter.","Actualmente no está suscrito a nuestro boletín informativo."
"You are currently subscribed to 'General Subscription'.","Actualmente está suscrito a 'Suscripción General'."
"You are currently subscribed to our newsletter.","Actualmente está subscrito a nuestro boletín informativo."
"You are now logged out","Ha cerrado su sesión"
"You have logged out and will be redirected to our homepage in 5 seconds.","Ha cerrado su sesión y será redirigido a nuestra página principal en 5 segundos."
"You have no additional address entries in your address book.","No tiene anotaciones adicionales de dirección en su libreta de direcciones."
"You have no additional entries in your address book.","No tiene anotaciones adicionales en su libreta de direcciones."
"You have no default billing address in your address book.","No tiene ninguna dirección de facturación por defecto en su libreta de direcciones."
"You have no default entries in your address book.","No tiene ninguna entrada por defecto en su libreta de direcciones."
"You have no default shipping address in your address book.","No tiene ninguna dirección de envío por defecto en su libreta de direcciones."
"You have not set a default billing address.","No ha establecido una dirección de facturación predeterminada."
"You have not set a default shipping address.","No ha establecido una dirección de envío predeterminada."
"You have placed no orders yet.","Aún no ha realizado ningún pedido."
"You have placed no products yet.","Aún no ha colocado ningún artículo."
"You will be charged tax.","Se le cargarán los impuestos."
"You will not be charged tax.","No se le cargarán los impuestos."
"Your Tax ID cannot be validated.","Su ID de impuestos no se ha podido validar."
"Your VAT ID was successfully validated.","Su ID de IVA se ha validado correctamente."
"Your account balance is: %s","El balance de su cuenta es: %s"
"Your password has been updated.","Su contraseña ha sido modificada."
"Your password reset link has expired.","Su vínculo para reinicializar la contraseña ha caducado."
"ZIP","C.P."
"ZIP/Post Code","Código postal"
"Zip/Postal Code","Código postal"
"n/a","n/d"
"or","o"
"register","Registrarse"
