" The customer does not exist in the system anymore.","El cliente ya no existe en el sistema."
" [deleted]"," [eliminado]"
" and "," y "
"%s (Default Template from Locale)","%s (Plantilla predeterminada de la configuración regional)"
"%s cache type(s) disabled.","%s tipo(s) de caché deshabilitado(s)."
"%s cache type(s) enabled.","%s tipo(s) de caché habilitado(s)."
"%s cache type(s) refreshed.","%s tipo(s) de caché actualizado(s)."
"(For Type ""Local Server"" need to use relative path to Magento install var/export or var/import, e.g. var/export, var/import, var/export/some/dir, var/import/some/dir)","(El tipo ""Servidor Local"" tiene que usar una ruta relativa para instalar Magento var/export o var/import, ej. var/export, var/import, var/export/some/dir, var/import/some/dir)"
"(For US 2-letter state names)","(Para los estado de EE.UU. usar abbreviaciones de 2 letras)"
"(If left empty will be auto-generated)","(Se generará automáticamente si se deja en blanco)"
"(Leave empty for first spreadsheet)","(Dejar en blanco para la primera hoja de cálculo)"
"(Products will be added/updated to this store if 'store' column is blank or missing in the import file.)","(Los artículos se añadirán/actualizarán en esta tienda si la columna 'tienda' en el fichero de importación está vacía o no aparece.)"
"(Shift-)Click or drag to change value","Pulse (Shift-) o arrastre para modificar el valor"
"(Starting with)","(Comenzando con)"
"(When 'No', only mapped fields will be imported. When mapping, use 'column1', 'column2', etc.)","(Cuando 'No', solo los campos mapeados se importarán. Al hacer los mapas, use 'column1', 'column2', etc.)"
"(You have to increase php memory_limit before changing this value)","(Debe aumentar el límite de memoria php antes de modificar este valor)"
"(\\t for tab)","(\\t para tabular)"
"* - If indexing is in progress, it will be killed and new indexing process will start.","* - Si está ejecutándose un indexado, será interrumpido y empezará un nuevo proceso de indexado."
"* Required Fields","* Campos requeridos"
"- Click on any of the time parts to increase it","- Pulse sobre cualquiera de los fragmentos de tiempo para incrementarlo."
"- Hold mouse button on any of the above buttons for faster selection.","- Mantenga pulsado el botón del ratón sobre cualquiera de los botones de arriba para acelerar la selección."
"- Use the %s buttons to select month","- Utilice los botones %s para seleccionar el mes"
"- Use the %s, %s buttons to select month","- Utilice los botones %s, %s para seleccionar el mes"
"- Use the %s, %s buttons to select year","- Utilice los botones %s, %s para seleccionar el año"
"- or Shift-click to decrease it","- o pulse Shift para disminuirlo."
"- or click and drag for faster selection.","- o pulse y arrastre para obtener una selección más rápida."
"-- Not Selected --","-- Sin seleccionar --"
"-- Please Select --","-- Por favor, seleccione --"
"-- Please Select Billing Agreement--","-- Por favor, seleccione un acuerdo de facturación--"
"-- Please Select a Category --","-- Por favor, seleccione una categoría --"
"-- Please select --","-- Por favor, seleccione --"
"--Please Select--","-- Por favor, seleccione --"
"1 Hour","1 hora"
"12 Hours","12 horas"
"12h AM/PM","12h AM/PM"
"2 Hours","2 horas"
"24 Hours","24 horas"
"24h","24h"
"2YTD","2 años hasta hoy"
"6 Hours","6 horas"
"<h1 class=""page-heading"">404 Error</h1><p>Page not found.</p>","<h1 class=""page-heading"">Error 404</h1><p>Página no encontrada.</p>"
"<strong>%s</strong> requests access to your account","<strong>%s</strong> solicita acceso a su cuenta"
"<strong>Attention</strong>: Captcha is case sensitive.","<strong>Atención</strong>: Captcha es sensible al uso de mayúsculas y minúsculas."
"A user with the same user name or email aleady exists.","Ya existe un usuario con el mismo nombre de usuario o correo electrónico."
"A user with the same user name or email already exists.","Ya existe un usuario con el mismo nombre de usuario o correo electrónico."
"API Key","Clave API"
"API Key Confirmation","Confirmación de clave API"
"ASCII","ASCII"
"Abandoned Carts","Carritos de compra abandonados"
"About the calendar","Acerca del calendario"
"Access Denied","Acceso denegado."
"Access denied","Acceso denegado."
"Access denied.","Acceso denegado."
"Account Created in:","Cuenta creada en:"
"Account Created on (%s):","Cuenta creada el (%s):"
"Account Created on:","Cuenta creada el:"
"Account Information","Información de la cuenta"
"Account Status","Estado de la cuenta"
"Account status","Estado de la cuenta"
"Action","Acción"
"Actions","Acciones"
"Actions XML","Acciones XML"
"Active","Activo"
"Add","Añadir"
"Add Exception","Añadir excepción"
"Add Field Mapping","Añadir asignación de campo"
"Add Field with URL:","Añadir campo con URL:"
"Add New","Añadir nuevo"
"Add New Block","Añadir nuevo bloque"
"Add New Image","Añadir nueva imagen"
"Add New Profile","Añadir nuevo perfil"
"Add New Role","Añadir nuevo rol"
"Add New Template","Añadir nueva plantilla"
"Add New URL Rewrite","Añadir nueva reescritura de URL"
"Add New User","Añadir nuevo usuario"
"Add New Variable","Añadir nueva variable"
"Add Products","Añadir artículos"
"Add URL Rewrite","Añadir reescritura de URL"
"Add URL Rewrite for a Category","Añadir reescritura de URL para una categoría"
"Add URL Rewrite for a Product","Añadir reescritura de URL para un artículo"
"Add after","Añadir después"
"Add new variable","Nuevo variable"
"Add to category","Añadir a la categoría"
"Additional Cache Management","Gestión de caché adicional"
"Address Type:","Tipo de dirección:"
"Admin","Gestión administrativa"
"Advanced Admin Section","Administración avanzada"
"Advanced Profiles","Perfiles avanzados"
"Advanced Section","Sección avanzada"
"After authorization application will have access to you account.","Después de la autorización la aplicación tendrá acceso a su cuenta."
"All","Todo"
"All Allowed Countries","Todos los paises aceptados"
"All Cache","Toda la memoria caché"
"All Files","Todos los archivos"
"All Reviews","Todas las revisiones"
"All Store Views","Todas las vistas de tienda"
"All Storefronts","Todos los escaparates"
"All Tags","Todas las etiquetas"
"All Websites","Todos los sitios web"
"All countries","Todos los países"
"All fields","Todos los campos"
"All possible rates were fetched, please click on ""Save"" to apply","Todas las tarifas posibles se recuperaron. Por favor, haz clic en ""Guardar"" para aplicarlas."
"All rates were fetched, please click on ""Save"" to apply","Todas las tarifas se recuperaron. Por favor, haz clic en ""Guardar"" para aplicarlas."
"All valid rates have been saved.","Todas las tarifas válidas han sido guardadas."
"Allowed","Permitido"
"Already in category","Ya en la categoría"
"Always (during development)","Siempre (durante el desarrollo)"
"Amounts","Importes"
"An error has occured while syncronizing media storages.","Un error ocurrió mientras se sincronizaba el almacenamiento audiovisual."
"An error occurred while clearing the JavaScript/CSS cache.","Un error ocurrió mientras se borraba el cache de JavaScript/CSS."
"An error occurred while clearing the configurable swatches image cache.","Un error ocurrió mientras se borraba el caché de imagenes muestra configurables."
"An error occurred while clearing the image cache.","Un error ocurrió mientras se borraba el cache de imagen."
"An error occurred while deleting URL Rewrite.","Un error ocurrió mientras se borraba la reescritura de URL."
"An error occurred while deleting email template data. Please review log and try again.","Un error ocurrió mientras se borraba las plantillas de datos email. Por favor, revisa el protocolo e intente otra vez."
"An error occurred while deleting record(s).","Un error ocurrió mientras se borraba el(los) historial(es)."
"An error occurred while deleting this role.","Un error ocurrió mientras se borraba este rol."
"An error occurred while deleting this set.","Un error ocurrió mientras se borraba este conjunto."
"An error occurred while deleting this template.","Un error ocurrió mientras se borraba esta plantilla."
"An error occurred while finishing process. Please refresh the cache","Un error ocurrió mientras se finalizaba el proceso. Por favor, actualice el cache."
"An error occurred while rebuilding the CatalogInventory Stock Status.","Un error ocurrió al reconstruir el estado del catálogo-inventario."
"An error occurred while rebuilding the catalog index.","Un error ocurrió al reconstruir el índice del catálogo."
"An error occurred while rebuilding the flat catalog category.","Un error ocurrió al reconstruir la categoría de catálogo plana. "
"An error occurred while rebuilding the flat product catalog.","Un error ocurrió al reconstruir el catálogo de artículos plano. "
"An error occurred while rebuilding the search index.","Un error ocurrió al reconstruir el índice buscador."
"An error occurred while refreshing roles.","Un error ocurrió al actualizar los roles."
"An error occurred while refreshing the Catalog Rewrites.","Un error ocurrió al actualizar las reescrituras catálogo."
"An error occurred while refreshing the Layered Navigation indices.","Un error ocurrió al actualizar los índices de navegación por capas."
"An error occurred while refreshing the catalog rewrites.","Un error ocurrió al actualizar las reescrituras catálogo."
"An error occurred while refreshing the layered navigation indices.","Un error ocurrió al actualizar los índices de navegación por capas."
"An error occurred while saving URL Rewrite.","Un error ocurrió al guardar las reescrituras URL."
"An error occurred while saving account.","Un error ocurrió al guardar la cuenta."
"An error occurred while saving review.","Un error ocurrió al guardar la reseña."
"An error occurred while saving the customer.","Un error ocurrió al guardar el cliente."
"An error occurred while saving this configuration:","Un error ocurrió al guardar esta configuración:"
"An error occurred while saving this role.","Un error ocurrió al guardar este rol."
"An error occurred while saving this template.","Un error ocurrió al guardar esta plantilla."
"An error occurred while updating the selected review(s).","Un error ocurrió al actualizar la(s) revisión(es) seleccionada(s)."
"Any","Cualquier"
"Any Attribute Set","Cualquier conjunto de atributos"
"Any Group","Todos los grupos"
"Any Status","Todos los estados"
"Any Store","Cualquier tienda"
"Any Type","Todos los tipos"
"Any Visibility","Todas las visualizaciones"
"Any data created since the backup was made will be lost including admin users, customers and orders.","Cualquier archivo creado desde la creación de la copia de seguridad se perderá, incluyendo usuarios administradores, clientes y pedidos."
"Archive file name:","Nombre del fichero de archivos:"
"Are you sure that you want to delete this template?","¿Realmente quiere borrar esta plantilla?"
"Are you sure that you want to strip tags?","¿Realmente quiere desmontar las etiquetas?"
"Are you sure you want to do this?","¿Realmente quiere hacer esto?"
"Are you sure you want to proceed?","¿Realmente quiere proceder?"
"Area","Zona"
"As low as:","desde:"
"Assigned","Asignado"
"Associated Tags","Etiquetas asociadas"
"Attribute Set Name:","Nombre del conjunto de atributos:"
"Attributes","Atributos"
"Authorization confirmed","Autorización confirmada"
"Authorize","Autorizar"
"Authorize application","Autorizar aplicación"
"Authorized OAuth Tokens","Símbolos autorizados de OAuth"
"Automatic (equalize price ranges)","Automático (igualar precio de artículos)"
"Automatic (equalize product counts)","Automático (igualar recuento de artículos)"
"Average Order Amount","Importe promedio por pedido"
"Average Orders","Ingreso promedio por pedido"
"BINARY","BINARIO"
"Back","Atrás"
"Back to Login","Regresar a la página de acceso"
"Backup","Copia de seguridad"
"Backup Name","Nombre de la copia de seguridad"
"Backup options","Opciones de la copia de seguridad"
"Backups","Copias de seguridad"
"Base currency","Moneda base"
"Bcc","Cco"
"Bestsellers","Más vendidos"
"Billing Address","Dirección de facturación"
"Billing Address: ","Dirección de facturación: "
"Billing Agreement","Acuerdo de facturación"
"Billing Agreements","Contratos de facturación"
"Block Details","Detalles de bloque"
"Block Information","Información de bloque"
"Block Name","Nombre de bloque"
"Block Name is incorrect.","Nombre de bloque no correcto."
"Block Name is required field.","Hay que nombrar el bloque."
"Block has been deleted.","Bloque ha sido eliminado."
"Blocks","Bloques"
"Both (without and with tax)","Ambos (con y sin impuestos)"
"Both IPN and PDT","Tanto IPN como PDT"
"Browse Files...","Examinar archivos..."
"Bundle with dynamic pricing cannot include custom defined options. Options will not be saved.","Un lote con precio dinámico no puede incluir opciones personalizadas. No se grabarán las opciones."
"By Email","por E-Mail"
"By IP","por IP"
"By IP and Email","por IP y E-Mail"
"CMS","CMS"
"CRITICAL","CRÍTICO"
"CSV","CSV"
"CSV / Tab separated","Separado por CSV/Tab"
"Cache Control","Control de memoria caché"
"Cache Control (beta)","Control de memoria caché (beta)"
"Cache Management","Gestión de memoria caché"
"Cache Type","Tipo de memoria caché"
"Cancel","Cancelar"
"Cancel detach","Cancel detach"
"Cannot add new comment.","No se puede agregar un nuevo comentario."
"Cannot add tracking number.","No se puede agregar un número de seguimiento."
"Cannot create an invoice without products.","No se puede crear una factura sin artículos."
"Cannot create credit memo for the order.","No se puede crear una factura rectificativa para este pedido."
"Cannot delete the design change.","No se puede eliminar el cambio de diseño."
"Cannot delete tracking number.","No se puede eliminar el número de seguimiento."
"Cannot do shipment for the order separately from invoice.","No se puede realizar envíos para el pedido independientemente de la factura."
"Cannot do shipment for the order.","No se puede realizar envíos para el pedido."
"Cannot initialize shipment for adding tracking number.","No se puede inicializar el envío para agregar el número de seguimiento."
"Cannot initialize shipment for delete tracking number.","No se puede inicializar el envío para eliminar el número de seguimiento."
"Cannot load track with retrieving identifier.","No se puede cargar el seguimiento con el identificador de recuperación."
"Cannot retrieve tracking number detail.","No se puede recuperar el detalle del número de seguimiento."
"Cannot save shipment.","No se puede guardar el envío."
"Cannot save the credit memo.","No se puede guardar la factura rectificativa."
"Cannot send shipment information.","No se puede enviar la información del envío."
"Cannot update item quantity.","No se puede actualizar la cantidad de artículos."
"Cannot update the item\'s quantity.","No se puede actualizar la cantidad de artículos."
"Card Verification Number","Número de verificación de tarjeta"
"Catalog","Catálogo"
"Catalog Price Rules","Catálogo de normas sobre precios"
"Catalog Rewrites","Reescrituras de catálogo"
"Categories","Categorías"
"Category","Categoría"
"Category:","Categoría:"
"Chart is disabled. If you want to enable chart, click <a href=""%s"">here</a>.","Tabla deshabilitada. Si quere habilitar la tabla, pulse <a href=""%s"">aquí</a>."
"Checkbox","Casilla de verificación"
"Child Transactions","Transacciones hija"
"Choose Store View:","Seleccione vista de la tienda:"
"Choose an attribute","Seleccione un atributo"
"Chosen category does not associated with any website, so url rewrite is not possible.","La categoría elegida no está asociada con ninguna página web, así que no es posible reescribir la url."
"Chosen product does not associated with any website, so url rewrite is not possible.","El artículo elegido no está asociado con ninguna página web, así que no es posible reescribir la url."
"Clear","Deseleccione"
"Close","Cerrar"
"Code","Código"
"Comment text field cannot be empty.","El campo de texto de comentarios no puede quedar vacío."
"Complete","Completado"
"Config form fieldset clone model required to be able to clone fields","Configurar el formulario de Fieldset para el modelo clon requerido para clonar campos"
"Configuration","Configuración"
"Confirm New Password","Confirma la contraseña nueva"
"Confirm token authorization Pop Up for admin","Confirmar símbolo de autorización Pop Up para administradores"
"Confirm token authorization for admin","Confirmar símbolo de autorización para administradores"
"Confirmation Of Authorization","Confirmación de la autorización"
"Confirmed email:","Correo electrónico confirmado:"
"Connect with the Magento Community","Conectarse con la Comunidad Magento"
"Continue","Continuar"
"Convert to Plain Text","Convertir a texto sin formateo"
"Cookie (unsafe)","Cookie (inseguro)"
"Country","País"
"Country:","País:"
"Coupons","Cupones"
"Create","Crear"
"Create DB Backup","Crear copia de seguridad de la base de datos"
"Create New Attribute","Nuevo atributo"
"Create URL Rewrite:","Crear reescritura de URL:"
"Created At","Creado en"
"Creation date","Fecha de creación"
"Credit Card %s","Tarjeta de crédito %s"
"Credit Card Number","Número de tarjeta de crédito"
"Credit Card Number: xxxx-%s","Número de tarjeta de crédito: xxxx-%s"
"Credit Card Type","Tipo de tarjeta de crédito"
"Credit Card Type: %s","Tipo de tarjeta de crédito: %s"
"Credit Memo History","Historial de facturas rectificativas"
"Credit Memo Totals","Total de las facturas rectificativas"
"Credit Memos","Facturas rectificativas"
"Credit memo #%s comment added","Comentario añadido a la factura rectificativa nº %s"
"Credit memo #%s created","Creado factura rectificativa nº %s"
"Credit memo\'s total must be positive.","El total de las facturas rectificativas debe ser positivo."
"Currency","Divisa"
"Currency ""%s"" is used as %s in %s.","Moneda ""%s"" es usada como %s en %s."
"Currency Information","Información sobre la divisa"
"Currency Setup Section","Sección de configuración de divisa"
"Current Admin Password","Contraseña actual del administrador"
"Current Configuration Scope:","Ámbito de configuración actual:"
"Current Month","Mes actual"
"Custom","Personalizado"
"Custom Variable ""%s""","Variable personalizada ""%s"""
"Custom Variables","Variables personalizadas"
"Customer","Cliente"
"Customer Group:","Grupo del cliente:"
"Customer Groups","Grupos del cliente"
"Customer Name","Nombre del cliente"
"Customer Reviews","Revisiones del cliente"
"Customer Shopping Carts","Carrito de compras del cliente"
"Customer Since:","Cliente desde:"
"Customer Tax Classes","Clases de impuestos del cliente"
"Customer with the same email already exists.","Ya existe un cliente con la misma dirección de correo electrónico."
"Customers","Clientes"
"Customers by Number of Orders","Clientes por número de pedidos."
"Customers by Orders Total","Clientes por total de pedidos"
"DHTML Date/Time Selector","Selector de fecha/hora DHTML"
"Dashboard","Panel de control"
"Data Format","Formato de datos"
"Data transfer:","Transferencia de datos:"
"Database","Base de datos"
"Dataflow - Advanced Profiles","Flujo de datos - Perfiles avanzados"
"Dataflow - Profiles","Flujo de datos - Perfiles"
"Date","Fecha"
"Date & Time","Fecha y hora"
"Date Added","Añadido el (fecha)"
"Date Updated","Actualizado el (fecha)"
"Date selection:","Selección de fecha:"
"Date selector","Selector de fechas"
"Day","Día"
"Decimal separator:","Separador de decimales:"
"Default (Admin) Values","Valores iniciales (de admin)"
"Default Billing Address","Dirección de facturación (preseleccionado)"
"Default Config","Configuración (preseleccionado)"
"Default Template from Locale","Plantilla de la configuración regional (preseleccionado)"
"Default Values","Valores (preseleccionado)"
"Default display currency ""%s"" is not available in allowed currencies.","La divisa preseleccionada ""%s"" no está disponible entre las permitidas."
"Default scope","Alcance (preseleccionado)"
"Delete","Borrar"
"Delete %s","Borrar %s"
"Delete %s '%s'","Borrar %s '%s'"
"Delete Block","Borrar bloque"
"Delete File","Borrar archivo"
"Delete Image","Borrar imagen"
"Delete Profile","Borrar el perfil"
"Delete Role","Borrar el rol"
"Delete Store","Borrar la tienda"
"Delete Store View","Borrar la vista de tienda"
"Delete Template","Borrar la plantilla"
"Delete User","Borrar el usuario"
"Delete Variable","Borrar variable"
"Delete Website","Borrar el sitio web"
"Description","Descripción"
"Design","Administrar diseños"
"Design Section","Sección de diseño"
"Detach from category","Retirar de la categoría"
"Details","Detalles"
"Developer Section","Sección desarrollador"
"Direction:","Dirección:"
"Disable","Deshabilitar"
"Disabled","Deshabilitado"
"Display %s first","Mostrar %s como día primero"
"Display default currency","Mostrar moneda predeterminada"
"Distributed under GNU LGPL. See %s for details.","Distribuido según la LGPL de GNU. Para más información véase %s."
"Do you really want to KILL parallel process and start new indexing process?","¿Realmente quiere MATAR los procesos en paralelo y el proceso de indexación de nuevo?"
"Do you really want to proceed?","¿Realmente quiere proceder?"
"Download","Descargar"
"Download SKUs","Descarga SKUs"
"Downloads","Descargas"
"Drag to move","Arrastrar para mover"
"Drop-down","Lista desplegable"
"Edit","Editar"
"Edit Block","Editar bloque"
"Edit Block '%s'","Editar bloque '%s'"
"Edit Design Change","Editar cambio del diseño"
"Edit Email Template","Editar plantilla de correo electrónico"
"Edit Order","Editar pedido"
"Edit Poll","Editar encuesta"
"Edit Queue","Editar cola"
"Edit Review","Editar revisión de cliente"
"Edit Role","Modificar el rol"
"Edit Store View","Editar vista de la tienda"
"Edit System Template","Editar plantilla del sistema"
"Edit Template","Editar plantilla"
"Edit URL Rewrite","Editar reescritura de URL"
"Edit User","Editar usuario"
"Edit User '%s'","Editar usuario '%s'"
"Edit Variable","Editar variable"
"Edit Variable '%s'","Editar variable '%s'"
"Edit Website","Editar sitio web"
"Email","Correo electrónico"
"Email Address:","Dirección de correo electrónico:"
"Email Preview","Vista previa del correo electrónico"
"Email to a Friend","Escribir un email a un amigo"
"Email:","Email:"
"Enable","Habilitar"
"Enabled","Habilitado"
"Enclose Values In:","Delimitar valores en:"
"Enter a comma separated list of SKUs that will always be displayed at the top of your category","Escriba una lista separada por comas de SKUs, que siempre aparece en la parte superior de la categoría"
"Entity Attributes","Atributos de datos"
"Entity Type","Tipo de datos"
"Entity type:","Tipo de datos:"
"Error","Fallo"
"Excel XML","Excel XML"
"Excl. Tax","Impuestos no incluidos"
"Excl. Tax:","Impuestos no incluidos:"
"Exclude media folder from backup","Excluir carpetas de archivos multimedia para la copia de seguridad"
"Expiration Date","Fecha de caducidad"
"Expiration Date: %s/%s","Fecha de caducidad: %s/%s"
"Export","Exportar datos"
"Export CSV","Exportar CSV"
"Export Filters","Exportar filtros"
"Export to:","Exportar a:"
"Export:","Exportar:"
"FTP Host","Servidor FTP"
"FTP Host[:Port]","Servidor FTP[:Puerto]"
"FTP Login","Usuario FTP"
"FTP Password","Contraseña FTP"
"FTP credentials","Credenciales FTP"
"Failed","Fallado"
"Failed to add a product to cart by id ""%s"".","No se pudo añadir artículo al carrito con id ""%s""."
"Failed to cancel the billing agreement.","No se pudo cancelar el acuerdo de pago."
"Failed to clear the JavaScript/CSS cache.","No se pudo borrar la memoria caché de JavaScript/CSS."
"Failed to delete the billing agreement.","No se pudo eliminar el acuerdo de pago."
"Failed to update the profile.","No se pudo actualizar el perfil."
"Field","Campo"
"Field Mapping","Mapeo del área"
"File","Archivo"
"File Information","Información de archivo"
"File System","Sistema de archivos"
"File mode","Modo de archivo"
"File name:","Nombre del archivo:"
"File size should be more than 0 bytes","El tamaño del archivo debe ser mayor a 0 bytes"
"Finished profile execution.","Ejecución del perfil finalizada."
"First Invoice Created Date","Fecha de la primera facturación"
"First Name","Nombre"
"First Name is required field.","El campo nombre es requerido."
"First Name:","Nombre:"
"Fixed","Fijo"
"Flush Catalog Images Cache","Limpiar la caché de imágenes de catálogo"
"Flush JavaScript/CSS Cache","Limpiar la caché de JavaScript/CSS"
"Flush Swatch Images Cache","Limpiar la caché de imágenes muestra"
"For category","Para la categoría"
"For latest version visit: %s","Para la última versión visite: %s"
"For product","Para el artículo"
"Forgot Admin Password","¿Olvidó su contraseña de admin?"
"Forgot your password?","¿Olvidó su contraseña?"
"Forgot your user name or password?","¿Olvidó su nombre de usuario o contraseña?"
"From","desde"
"GLOBAL","GLOBAL"
"Gb","Gb"
"General Information","Información general"
"General Section","Sección general"
"Get Image Base64","Obtener imagen Base64"
"Get help for this page","Obtener ayuda para esta página"
"Give the verifier code to application administrator","Proporcionar el código de verificación al administrador de la aplicación"
"Global Attribute","Atributo general"
"Global Record Search","Búsqueda general"
"Global Search","Búsqueda general"
"Go Today","Ir al día de hoy"
"Go to Top","Ir al inicio"
"Go to messages inbox","Ir al buzón de entrada de mensajes"
"Go to notifications","Ir a notificaciones"
"Google Base","Google Merchant Center (GMC)"
"Google Content","Google Content"
"Google Sitemaps","Google Sitemaps"
"Grand Total","Suma total"
"Grid (default) / List","Cuadrícula (por defecto) / lista"
"Grid Only","Solamente cuadrícula"
"Group:","Grupo:"
"Guest","Visitante"
"HTTP (unsecure)","HTTP (inseguro)"
"HTTPS (SSL)","HTTPS (SSL)"
"Help Us Keep Magento Healthy - Report All Bugs","Ayúdenos a mantener Magento saludable - ¡Infórmenos de todos los errores!"
"Helper attributes should not be used in custom layout updates.","Los atributos del asistente no se deberían utilizar en las actualizaciones de diseños personalizados."
"Helper for options rendering doesn't implement required interface.","El asistente para la ejecución de opciones no implementa la interfaz solicitada."
"Hero Products","Hero Productos"
"Home","Inicio"
"ID","ID"
"ID Path","Ruta de ID"
"IP Address","Dirección IP"
"IPN (Instant Payment Notification) Only","Sólo IPN (notificación de pago instantánea)"
"Id","Id"
"If there is an account associated with %s you will receive an email with a link to reset your password.","Si hay una cuenta asociada con %s recibirás un correo electrónico con un enlace para reiniciar su contraseña."
"If this message persists, please contact the store owner.","Si persiste este mensaje póngase en contacto con el dueño de la tienda."
"If you do not specify an option value for a specific store view then the default (Admin) value will be used.","Al no especificar un valor de opción para una vista de tienda específica, se utilizará el valor por defecto (Admin)."
"Images (.gif, .jpg, .png)","Imágenes (.gif, .jpg, .png)"
"Images Cache","Caché de imágenes"
"Import","Importar datos"
"Import Service","Importar servicio"
"Import and Export","Importación y exportación"
"Import and Export Tax Rates","Importar y exportar tasas de impuestos"
"Import/Export","Importar/Exportar datos"
"Import/Export Advanced","Importar/Exportar Avanzado"
"Import/Export Profile","Importar/Exportar Perfil"
"Important: ","Importante:"
"Imported <strong>%s</strong> records","Registros importados de <strong>%s</strong>"
"In","En"
"In Database:","En base de datos:"
"In File:","En archivo:"
"Inactive","Inactivo"
"Incl. Tax","Impuestos incluidos"
"Incl. Tax:","Impuestos incluidos:"
"Incoming Message","Mensaje nuevo"
"Insert Variable...","Insertar variable..."
"Interactive","Interactivo"
"Interface Locale: %s","Configuración regional de interfaz: %s"
"Invalid Form Key. Please refresh the page.","Clave de formulario inválida. Por favor, refresque la página"
"Invalid Import Service Specified","El servicio de importación especificado es inválido"
"Invalid POST data (please check post_max_size and upload_max_filesize settings in your php.ini file).","Datos de POST inválidos (comprueba la configuración de post_max_size y upload_max_filesize en u archivo php.ini)."
"Invalid Secret Key. Please refresh the page.","Clave secreta inválida. Por favor, recarge la página."
"Invalid User Name or Password.","La contraseña o nombre usuario no son correctos."
"Invalid data","Datos no válidos"
"Invalid directory: %s","Directorio inválido: %s"
"Invalid email address ""%s"".","Dirección de correo electrónico ""%s"" inválido"
"Invalid email address.","Dirección de correo electrónico inválido."
"Invalid file extension used for log file. Allowed file extensions: log, txt, html, csv","Extensión de archivo inválida utilizada para el archivo de registro. Extensiones de archivo permitidas: log, txt, html, csv"
"Invalid file: %s","Archivo inválido: %s"
"Invalid input data for %s => %s rate","Datos ingresados inválidos para %s => %s tasa"
"Invalid parent block for this block","Bloque padre inválido para este bloque."
"Invalid parent block for this block.","Bloque padre inválido para este bloque."
"Invalid password reset token.","Token inválido para restablecer la contraseña."
"Invalid response","Respuesta no válida"
"Invalid sender name ""%s"". Please use only visible characters and spaces.","Nombre de remitente ""%s"" no válido. Por favor, utilice sólo caracteres visibles y espacios."
"Invalid template path used in layout update.","Ruta de plantilla inválida utilizada en la actualización de diseño."
"Invalid timezone","Zona horaria no válida"
"Invalidated","Invalidado"
"Inventory Stock Status","Estado de existencias de inventario"
"Invoice #%s comment added","Comentario añadido a factura nº %s"
"Invoice #%s created","Factura nº %s creada"
"Invoice History","Historial de facturación"
"Invoice Totals","Total de la factura"
"Invoice canceling error.","Error al cancelar la factura."
"Invoice capturing error.","Error al capturar la factura."
"Invoice voiding error.","Error al anular la factura."
"Invoices","Facturas"
"Is Allowed","Es permitido"
"Is Allowed is required field.","Es Permitido es requerido."
"Is Closed","Está cerrado"
"Is Default","Por defecto"
"Issue Number","Número de caso"
"Items","Objetos"
"JavaScript seems to be disabled in your browser.","Parece que JavaScript está deshabilitado en su navegador."
"JavaScript/CSS","JavaScript/CSS"
"JavaScript/CSS Cache","Caché JavaScript/CSS"
"Kb","Kb"
"Last 24 Hours","Últimas 24 horas"
"Last 5 Orders","Últimos 5 pedidos"
"Last 5 Search Terms","Últimas 5 búsquedas"
"Last 7 Days","Últimos 7 días"
"Last Credit Memo Created Date","Última factura rectificativa creada el"
"Last Invoice Created Date","Última factura creada el"
"Last Logged In (%s):","Último acceso (%s):"
"Last Logged In:","Último inicio de sesión:"
"Last Name","Apellidos"
"Last Name is required field.","El campo apellidos es obligatorio."
"Last Name:","Apellidos:"
"Last updated: %s. To refresh last day\'s <a href=""%s"">statistics</a>, click <a href=""%s"">here</a>.","Última actualización: %s. Para refrescar las <a href=""%s"">estadísticas</a> del último día, pinche <a href=""%s"">aquí</a>."
"Latest Message:","Último mensaje:"
"Layered Navigation Indices","Indices de navegación por capas"
"Layered Navigation Indices were refreshed.","Los indices de la navegación por capas se han refrescado."
"Leave empty to use tax identifier","Deje en blanco para usar la identificación fiscal"
"Lifetime Sales","Ventas acumuladas"
"Lifetime statistics have been updated.","Se actualizaron las estadísticas de vigencia."
"Links","Enlaces"
"Links with associated products will retain only after saving current product.","Los enlaces a los artículos relacionados sólo quedarán registrados tras guardar el artículo actual."
"List (default) / Grid","Lista (por defecto) / Cuadrícula"
"List Only","Solamente lista"
"Load Template","Cargar la plantilla"
"Load default template","Cargar la plantilla por defecto"
"Loading...","Cargando..."
"Local Server","Servidor local"
"Local/Remote Server","Servidor local/remoto"
"Locale","Configuración regional preferida"
"Log In","Acceder"
"Log Out","Cerrar sesión"
"Log in to Admin Panel","Acceder al Panel de Administración"
"Log in to use <strong>%s</strong>","Acceder para utilizar <strong>%s</strong>"
"Log into Magento Admin Page","Acceder al Panel de Administración de Magento"
"Logged in as %s","Accedió como %s"
"Login","Acceder"
"Low Stock","Existencias bajas"
"MAJOR","MAYOR"
"MINOR","MENOR"
"MS Excel XML","MS Excel XML"
"Magento Admin","Administración de Magento"
"Magento Commerce - Administrative Panel","Magento Commerce - Panel de administración"
"Magento Connect","Magento Connect"
"Magento Connect Manager","Gestor de Magento Connect"
"Magento Logo","Logotipo de Magento"
"Magento is a trademark of Magento Inc. Copyright &copy; %s Magento Inc.","Magento es una marca registrada de Magento Inc. Copyright &copy; %s Magento Inc."
"Magento root directory","Directorio raíz Magento"
"Magento ver. %s","Versión de Magento %s"
"Magento&trade; is a trademark of Magento Inc.<br/>Copyright &copy; %s Magento Inc.","Magento&trade; es una marca registrada de Magento Inc. <br/>Copyright &copy;: %s Magento Inc."
"Make sure that data encoding in the file is consistent and saved in one of supported encodings (UTF-8 or ANSI).","Asegúrese de que la codificación de los datos en el archivo es consistente y han sido guardados en alguno de los códigos admitidos (UTF-8 o ANSI)."
"Manage Attribute Sets","Gestionar conjuntos de atributos"
"Manage Attributes","Gestionar atributos"
"Manage Categories","Gestionar categorías"
"Manage Content","Gestionar contenido"
"Manage Currency Rates","Gestionar tipos de cambio"
"Manage Currency Symbols","Gestionar símbolos de moneda"
"Manage Customers","Gestionar clientes"
"Manage Options (values of your attribute)","Gestionar opciones (valores del atributo)"
"Manage Ratings","Gestionar puntuaciones"
"Manage Stores","Gestionar tiendas"
"Manage Tax Rules","Gestionar las normas fiscales"
"Manage Tax Zones and Rates","Gestionar zonas y tasas impositivas"
"Manage Titles (Size, Color, etc.)","Gestionar títulos (tamaño, color, etc.)"
"Manual","Manual"
"Mass Product Assignment","Asignación de productos en masas"
"Matched Expression","Expresión de coincidencia"
"Maximum sender name length is 255. Please correct your settings.","La extensión máxima del nombre del remitente es de 255. Por favor, corriga los ajustes."
"Mb","Mb"
"Media (.avi, .flv, .swf)","Archivos multimedia (.avi, .flv, swf)"
"Media storages synchronization has completed!","¡Se ha completado la sincronización del almacenamiento de multimedia!"
"Messages Inbox","Bandeja de entrada de mensajes"
"Month","Mes"
"Most Viewed","Más vistos"
"Most Viewed Products","Artículos más vistos"
"Move to bottom","Mover al final"
"Move to top","Mover arriba"
"Multiple Select","Selección múltiple"
"My Account","Mi cuenta"
"My Applications","Mis aplicaciones"
"N/A","N/D"
"NOTICE","AVISO"
"Name","Nombre"
"Name on Card","Nombre en la tarjeta"
"Name on the Card: %s","Nombre en la tarjeta: %s"
"Name:","Nombre:"
"Never (production)","Nunca (producción)"
"New ","Nuevo"
"New API Key","Nueva clave de API"
"New Accounts","Nuevas cuentas"
"New Attribute","Nuevo atributo"
"New Block","Nuevo bloque"
"New Category","Nueva categoría"
"New Class","Nueva clase fiscalia"
"New Condition","Nueva condición"
"New Custom Variable","Nueva variable personalizada"
"New Customer","Nuevo cliente"
"New Customers","Nuevos clientes"
"New Design Change","Nuevo cambio de diseño"
"New Email Template","Nueva plantilla de correo electrónico"
"New Group","Nuevo grupo"
"New Invoice","Nueva factura"
"New Item Type","Nuevo tipo de artículo"
"New Memo","Nueva nota"
"New Memo for #%s","Nueva nota para nº %s"
"New Page","Nueva página"
"New Password","Nueva contraseña"
"New Poll","Nueva encuesta"
"New Profile","Nuevo perfil"
"New Rate","Nueva tasa"
"New Rating","Nueva puntuación"
"New Review","Nueva revisión"
"New Role","Nuevo rol"
"New Rule","Nueva regla"
"New Search","Nueva búsqueda"
"New Set","Nuevo conjunto"
"New Shipment","Nuevo envío"
"New Sitemap","Nuevo mapa del sitio web"
"New Store View","Nueva vista de tienda"
"New System Template","Nueva plantilla del sistema"
"New Tag","Nueva etiqueta"
"New Template","Nueva plantilla"
"New User","Nuevo usuario"
"New Variable","Nueva variable"
"New Website","Nuevo sitio web"
"New attribute set mapping","Asignar nuevo atributo"
"New block","Nuevo bloque"
"New password field cannot be empty.","El campo de nueva contraseña no puede estar en blanco."
"Newsletter","Boletín informativo"
"Newsletter Problems","Boletín informativo Problemas"
"Newsletter Queue","Boletín informativo Cola"
"Newsletter Subscribers","Boletín informativo Suscriptores"
"Newsletter Templates","Boletín informativo Plantillas"
"Next month (hold for menu)","Mes siguiente (mantener presionado para ver menú)"
"Next year (hold for menu)","Año siguiente (mantenga presionado para ver menú)"
"No","No"
"No (price without tax)","No (precio sin impuestos)"
"No Data","Sin datos"
"No Data Found","No se han encontrado datos"
"No Products","No se han encontrado artículos"
"No Templates Found","No se han encontrado plantillas"
"No change","Sin cambios"
"No customer id defined.","No se ha definido ningún id del cliente."
"No information available.","No hay información disponible."
"No profile loaded...","No hay perfil cargado..."
"No records found for this period.","No se han encontrado registros para este período."
"No records found.","No se han encontrado registros."
"No report code specified.","No se an especificado el código del informe."
"No search keywords.","No hay términos de búsqueda."
"No search modules were registered","No se han registrado módulos de búsqueda."
"No wishlist item id defined.","No se ha definido ningún id de artículo de lista de intención de compra."
"None","Ninguno"
"Not allowed","No permitido"
"Note:","Nota:"
"Notes","Notas"
"Notifications","Notificaciones"
"Number of Orders","Número de pedidos"
"Number of Uses","Número de usos"
"Number of Views","Número de visualizaciones"
"Number of records:","Número de registros:"
"OAuth Consumers","Consumidores de OAuth"
"OAuth authorization for admin","Autorización de OAuth para administradores"
"OAuth authorization simple for admin","Autorización simple de OAuth para administradores"
"OK","Aceptar"
"Old rate:","Tasa anterior:"
"Once you log into your PayPal Advanced account, navigate to the Service Settings - Hosted Checkout Pages - Set Up menu and set the options described below","Al iniciar sesión en su cuenta de pagos avanzados de PayPal tiene que acceder a la configuración del servicio - Páginas receptoras de pago - Configuración del menú y ajustar las opciones descritas a continuación"
"Once you log into your PayPal Payflow Link account, navigate to the Service Settings - Hosted Checkout Pages - Set Up menu and set the options described below","Al iniciar sesión en su cuenta PayPal Payflow Link, tiene que acceder a la configuración del servicio - Páginas receptoras de pago - Configuración del menú y ajustar las opciones descritas a continuación"
"One or more media files failed to be synchronized during the media storages syncronization process. Refer to the log file for details.","Ha fallado la sincronización de uno o más ficheros de contenido durante el proceso de sincronización del almacenamiento de contenido. Revise el fichero de log para ver más detalles."
"One or more of the Cache Types are invalidated:","Están invalidados uno o más de los tipos de caché:"
"Online Customers","Clientes conectados"
"Only Once (version upgrade)","Solo una vez (actualización de la versión)"
"Only attributes with scope ""Global"", input type ""Dropdown"" and Use To Create Configurable Product ""Yes"" are available.","Solo están disponibles los atributos con alcance ""Global"", tipo de selección ""Lista desplegable"" y los de tipo Utilizar para Crear Artículo Configurable ""Si""."
"Only mapped fields","Solo campos vinculados"
"Optional","Opcional"
"Options","Opciones"
"Options is required","Opciones requeridas"
"Options: ","Opciones: "
"Order","Pedido"
"Order #%s","Pedido nº %s"
"Order #%s (%s)","Pedido nº %s (%s)"
"Order Created Date","Pedido creado el"
"Order ID","ID Pedido"
"Order Totals","Totales del pedido"
"Order Updated Date","Fecha de actualización del pedido"
"Order Updated Date report is real-time, does not need statistics refreshing.","El informe de la fecha de actualización del pedido se hace en tiempo real, así que no es necesario actualizar la estadística."
"Orders","Pedidos"
"Original Magento attribute names in first row:","Nombres originales de atributos Magento en la primera fila:"
"Out of stock","Sin existencias"
"PDT (Payment Data Transfer) Only","Solo PDT (transmisión de datos de pago)"
"Package Extensions","Extensiones de paquete"
"Pages","Páginas"
"Parent Product Thumbnail","Miniatura del artículo padre"
"Parent Transaction ID","ID de la transacción de origen"
"Passive mode","Modo pasivo"
"Password","Contraseña"
"Password Confirmation","Confirmación de contraseña"
"Password confirmation must be same as password.","La confirmación de contraseña debe ser igual que la contraseña."
"Password must be at least of %d characters.","La contraseña debe tener al menos %d caracteres."
"Password must include both numeric and alphabetic characters.","La contraseña debe contener letras y números."
"Password:","Contraseña:"
"Path:","Ruta:"
"Payment method instance is not available.","No está disponible la instancia del método de pago."
"Payment method is not available.","No está disponible el método de pago."
"Payment method must be specified.","Se debe especificar el método de pago."
"Pending Reviews","Revisiones pendientes"
"Pending Tags","Etiquetas pendientes"
"Per Item","Por artículo"
"Per Order","Por pedido"
"Percent","Porcentaje"
"Performed At","Realizado el"
"Period","Período"
"Permanent (301)","Permanente (301)"
"Permissions","Permisos"
"Personal Information","Información personal"
"Phone:","Teléfono:"
"Please Select","Seleccionar, por favor."
"Please confirm site switching. All data that hasn\'t been saved will be lost.","Por favor, confirme que quiere cambiar de sitio. Se perderán todos los datos que no se hayan guardado."
"Please enter 6 or more characters.","Por favor, ingrese 6 o más caracteres."
"Please enter a number greater than 0 in this field.","Por favor, ingrese un número mayor que 0 en este campo."
"Please enter a valid $ amount. For example $100.00.","Por favor, ingrese un monto válido en $. Por ejemplo: $100.00."
"Please enter a valid URL. For example http://www.example.com or www.example.com","Por favor, ingrese una dirección URL válida. Por ejemplo: http://www.ejemplo.com o www.ejemplo.com."
"Please enter a valid URL. http:// is required","Por favor, ingrese una dirección URL válida. El prefijo ""http://"" es obligatorio."
"Please enter a valid credit card number.","Por favor, ingrese un número de tarjeta de crédito válido."
"Please enter a valid date.","Por favor, ingrese una fecha válida."
"Please enter a valid email address. For example johndoe@domain.com.","Por favor, ingrese una dirección de correo electrónico válida. Por ejemplo juan@dominio.com."
"Please enter a valid email.","Por favor, ingrese una dirección de correo electrónico válida.."
"Please enter a valid number in this field.","Por favor, ingrese un número válido en este campo."
"Please enter a valid phone number. For example (123) 456-7890 or 123-456-7890.","Por favor, ingrese un número de teléfono válido. Por ejemplo: (123) 456-7890 o 123-456-7890."
"Please enter a valid social security number. For example 123-45-6789.","Por favor, ingrese un número de seguro social válido. Por ejemplo: 123-45-6789."
"Please enter a valid value from list","Por favor, ingrese un valor válido de la lista."
"Please enter a valid value, ex: 10,20,30","Por favor, ingrese un valor válido, por ej., 10, 20, 30."
"Please enter a valid zip code.","Por favor, ingrese un código postal válido."
"Please enter a valid zip code. For example 90602 or 90602-1234.","Por favor, ingrese un código postal válido. Por ejemplo: 90602 o 90602-1234."
"Please enter another credit card number to complete your purchase.","Por favor, ingrese el número de otra tarjeta de crédito para terminar su compra."
"Please enter password","Por favor, introduce la contraseña."
"Please enter password to confirm rollback.","Por favor, introduce la contraseña para confirmar la restauración."
"Please enter valid password.","Por favor, ingrese una contraseña válida."
"Please make sure that all global admin search modules are installed and activated.","Por favor, asegúrese de que todos los módulos de búsqueda de administración global estén instalados y activados."
"Please make sure that your changes were saved before running the profile.","Por favor, asegúrese de que sus cambios fueron grabados antes de ejecutar el perfil."
"Please make sure your passwords match.","Por favor, asegúrese de que sus contraseñas coinciden."
"Please note, this category is set to automatically sort. Any drag-and-drop positions will be reset.","Tenga en cuenta que esta categoría se establece un sorteo automático. Se restablecerán cualquier posición de arrastrar y soltar."
"Please select State/Province.","Por favor, seleccione estado/provincia."
"Please select a customer.","Por favor, seleccione un cliente."
"Please select a store.","Por favor, seleccione una tienda."
"Please select an option.","Por favor, seleccione una opción."
"Please select catalog searches.","Por favor, seleccione búsquedas de catálogo."
"Please select customer(s).","Por favor, seleccione cliente(s)."
"Please select message(s).","Por favor, seleccione mensaje(s)."
"Please select one of the above options.","Por favor, seleccione una de las opciones de arriba."
"Please select one of the options.","Por favor, seleccione una de las opciones."
"Please select review(s).","Por favor, seleccione reseñas."
"Please select tag(s).","Por favor, seleccione una or más etiqueta(s)."
"Please specify backup creation options","Por favor, especifique las opciones de creación de la copia de respaldo."
"Please specify the admin custom URL.","Por favor, especifique una url personalizada para la administración."
"Please try to logout and sign in again.","Por favor, intente cerrar la sesión y volver a iniciarla."
"Please type the letters from the image:","Por favor, escribe las letras de la imagen:"
"Please use in this field only ""a-z,0-9,_"".","Por favor, utilice en este campo sólo letras, números y guiones bajos (a-z,0-9,_)."
"Please use letters only (a-z) in this field.","Por favor, utilice en este campo sólo letras (a-z)."
"Please use numbers only in this field. Please avoid spaces or other characters such as dots or commas.","Por favor, utilice en este campo sólo números. Evite los espacios en blanco u otros caracteres, como los puntos o las comas, por ejemplo."
"Please use only letters (a-z or A-Z), numbers (0-9) or spaces in this field.","Por favor, utilice en este campo sólo letras (a-z o A-Z), números (0-9) o espacios."
"Please use only letters (a-z) or numbers (0-9) only in this field. No spaces or other characters are allowed.","Por favor, utilice en este campo sólo letras (a-z) o números (0-9). No se permiten espacios u otros caracteres."
"Please use only letters (a-z) or numbers (0-9) or spaces and # only in this field.","Por favor, utilice en este campo sólo letras (a-z) o números (0-9), o espacios y (#)."
"Please use this date format: dd/mm/yyyy. For example 17/03/2006 for the 17th of March, 2006.","Por favor, utilice este formato de fecha: dd/mm/aaaa. Por ejemplo 17/03/2006 para el 17 de marzo 2006."
"Please wait","Por favor, espere"
"Please wait while the indexes are being refreshed.","Se actualizan los índices. Por favor, espere..."
"Please wait, loading...","Se cargan los datos. Por favor, espere..."
"Please wait...","Por favor, espere..."
"Please, add some answers to this poll first.","Agregue algunas respuestas a esta encuesta antes de continuar."
"Please, select ""Visible in Stores"" for this poll first.","Por favor, seleccione ""Visible en tiendas"" para esta votación antes."
"Poll Manager","Gestor de encuestas"
"Polls","Encuestas"
"Popular","Popular"
"Position","Posición"
"Position of Watermark for %s","Posición de la marca de agua para %s"
"Pregenerated configurable swatches image files.","Archivos de imágenes muestra generadas previamente."
"Pregenerated product images files.","Archivos de imágenes de artículo generadas previamente."
"Prev. month (hold for menu)","Mes anterior (mantenga presionado para ver el menú)"
"Prev. year (hold for menu)","Año anterior (mantenga presionado para ver el menú)"
"Preview","Previsualizar"
"Preview Template","Previsualizar la plantilla"
"Price","Precio"
"Price alert subscription was saved.","Se guardó la suscripción de alerta de precio."
"Price:","Precio:"
"Processed <strong>%s%% %s/%d</strong> records","<strong>%s%% %s/%d</strong> registros procesados."
"Processing","Los registros son procesados"
"Product","Artículo"
"Product Name","Nombre del artículo"
"Product Reviews","Opiniones de artículo"
"Product Tax Classes","Clases de impuestos a artículos"
"Product Thumbnail Itself","Imagen en miniatura del artículo"
"Product is not loaded.","El artículo no está cargado."
"Product not available in this website","Artículo no disponible en este sitio web"
"Product:","Artículo:"
"Products","Artículos"
"Products Bestsellers Report","Informe de artículos más vendidos"
"Products Most Viewed Report","Informe de artículos con más visualizaciones"
"Products Ordered","Artículos encargados"
"Products in Carts","Artículos en carrito de compras"
"Profile Action","Perfil Acción"
"Profile Actions XML","Perfil Acciones de XL"
"Profile Direction","Perfil Dirección"
"Profile History","Perfil Historial"
"Profile Information","Perfil Información"
"Profile Name","Perfil Nombre"
"Profile Payments","Perfil Pagos"
"Profile Schedule","Perfil Programación"
"Profile Wizard","Asistente para perfiles"
"Profiles","Perfiles"
"Promo","Promoción"
"Promotions","Promociones"
"Purchased Item","Artículo comprado"
"Put store on the maintenance mode while backup creation","Ponga la tienda en el modo de mantenimiento mientras se crea la copia de seguridad"
"Put store on the maintenance mode while rollback processing","Ponga la tienda en el modo de mantenimiento mientras se procesa la restauración"
"Quantity","Cantidad"
"Queue Refresh","Actualizar la cola"
"Queued... Cancel","En cola... Cancelar"
"REST Roles","REST Roles"
"Radio Buttons","Botones de selección"
"Rates","Tasas"
"Read details","Leer detalles"
"Rebuild","Reconstruir"
"Rebuild Catalog Index","Reconstruir índice del catálogo"
"Rebuild Flat Catalog Category","Reconstruir el catálogo plano de categorías"
"Rebuild Flat Catalog Product","Reconstruir el catálogo plano de artículos"
"Recent Orders","Pedidos recientes"
"Recent statistics have been updated.","Se han actualizado las estadísticas recientes."
"Recurring Profile View","Vista de perfil recurrente"
"Recursive Dir","Directorio recursivo"
"Redirect","Redirigir"
"Reference","Referencia"
"Reference ID","ID Referencia"
"Refresh","Actualizar"
"Refresh Now*","Actualizar ahora*"
"Refresh Roles","Actualizar funciones"
"Refresh Statistics","Actualizar estadísticas"
"Region/State","Región/Provincia"
"Regular Price:","Precio habitual:"
"Reject","Rechazar"
"Reject token authorization Pop Up for admin","Rechazar símbolo de autorización Pop Up para administradores"
"Reject token authorization for admin","Rechazar símbolo de autorización para administradores"
"Rejection Of Authorization","Rechazo de la autorización"
"Release","Lanzamiento"
"Release Stability","Estabilidad del lanzamiento"
"Release Version","Versión del lanzamiento"
"Reload captcha","Recargar captcha"
"Remote FTP","FTP remoto"
"Remove","Eliminar"
"Reports","Informes"
"Request Path","Ruta solicitada"
"Required","Requerido"
"Reset","Reiniciar"
"Reset Filter","Restablecer filtro"
"Reset Password","Restablecer contraseña"
"Reset a Password","Restablecer contraseña"
"Resize","Cambiar tamaño"
"Resource Access","Acceso a recurso"
"Resources","Recursos"
"Results","Resultados"
"Retrieve Password","Recuperar contraseña"
"Return Html Version","Devolver versión HTML"
"Revenue","Ingresos"
"Reviews","Reseñas"
"Reviews and Ratings","Revisiones y valoraciones"
"Rewrite Rules","Reglas de reescritura para URL"
"Role ID","ID funciones"
"Role Info","Info de funciones"
"Role Information","Información de funciones"
"Role Name","Nombre de funciones"
"Role Resources","Recursos de funciones"
"Role Users","Usuario con funciones"
"Roles","Funciones"
"Roles Resources","Funciones - Derechos de accesso"
"Root Category","Categorá de raíz"
"Rotate CCW","Girar hacia la izquierda"
"Rotate CW","Girar hacia la derecha"
"Run","Ejecutar"
"Run Profile","Ejecutar el perfil"
"Run Profile Inside This Window","Ejecutar el perfil en esta ventana"
"Run Profile in Popup","Ejecutar el perfil en una nueva ventana"
"Running... Kill","Ejecutar ... Detener"
"SKU","SKU (Número de Referencia)"
"SKU:","SKU:"
"SSL Error: Invalid or self-signed certificate","Error SSL: Certificado inválido o autofirmado"
"Sales","Ventas"
"Sales Report","Informe de ventas"
"Samples","Ejemplos"
"Save","Guardar"
"Save & Generate","Guardar y generar"
"Save Account","Guardar la cuenta"
"Save Block","Guardar el bloque"
"Save Cache Settings","Guardar los ajustes de la memoria caché"
"Save Config","Guardar la configuración"
"Save Currency Rates","Guardar tasas de cambio"
"Save Profile","Guardar el perfil"
"Save Role","Guardar la función"
"Save Template","Guardar la plantilla"
"Save User","Guardar el usuario"
"Save Variable","Guardar el variable"
"Save and Continue Edit","Guardar y continuar editando"
"Search","Buscar"
"Search Index","Índice de búsqueda"
"Search Term","Término de búsqueda"
"Search Terms","Búsquedas populares"
"Search entire store here...","Buscar aquí en toda la tienda ..."
"Searching...","Buscando ..."
"Select","Seleccionar"
"Select All","Seleccionar todo"
"Select Category","Seleccionar categoría"
"Select Date","Seleccionar fecha"
"Select Range","Seleccionar rango"
"Select date","Seleccionar fecha"
"Selected allowed currency ""%s"" is not available in installed currencies.","La divisa ""%s"" seleccionada como permitida, no esta disponible entre las divisas instaladas."
"Selected base currency is not available in installed currencies.","La divisa seleccionada como básica no está disponible entre las divisas instaladas."
"Selected default display currency is not available in allowed currencies.","La divisa seleccionada a mostrar por defecto no está disponible entre las divisas permitidas."
"Selected default display currency is not available in installed currencies.","La divisa seleccionada a mostrar por defecto no está disponible entre las divisas instaladas."
"Self-assigned roles cannot be deleted.","Los roles autoasignados no se pueden borrar."
"Sender","Remitente"
"Separate Email","Correo aparte"
"Shipment #%s comment added","El comentario al envío nº %s ha sido añadido"
"Shipment #%s created","Se creó el envío nº %s"
"Shipment Comments","Comentarios de envío"
"Shipment History","Historial de envíos"
"Shipments","Albaranes"
"Shipping","Envíos"
"Shipping Address","Dirección de envío"
"Shipping Address: ","Dirección de envío: "
"Shipping Origin","Origen de embarques"
"Shipping Price","Costo de envío"
"Shipping address selection is not applicable","La selección de dirección de envío no es aplicable."
"Shipping method must be specified.","El método de envío debe ser especificado."
"Shipping method selection is not applicable","La selección del método de envío no es aplicable."
"Shopping Cart","Carrito de compras"
"Shopping Cart Price Rules","Reglas de precios del carrito de compras"
"Shopping Cart from %s","Carrito de compras de %s"
"Show By","Mostrar por"
"Show Report For:","Mostrar informe para:"
"Show Reviews","Mostrar reseñas"
"Sitemap Information","Información del mapa del sitio"
"Size for %s","Tamaño para %s"
"Skip Category Selection","Saltar la selección de categoría"
"Some items in this order have different invoice and shipment types. You can create shipment only after the invoice is created.","Algunos artículos de este pedido tienen diferentes tipos de factura y envío. El envío sólo puede crearse después de haber creado la factura."
"Some of the ordered items do not exist in the catalog anymore and will be removed if you try to edit the order.","Algunos de los artículos solicitados no existen ya en el catálogo y serán eliminados si intentas modificar el pedido."
"Sorry, this feature is coming soon...","Lo sentimos, esta función estará disponible en breve..."
"Sort options","Ordenación"
"Special Price:","Precio especial:"
"Specific Countries","Países específicos"
"Specified","Especificado"
"Specified profile does not exist.","No existe el perfil solicitado."
"Spreadsheet Name:","Nombre de la hoja de cálculo:"
"Start Date","Fecha de inicio"
"Starting at:","Empezando por:"
"Starting profile execution, please wait...","Comenzando la ejecución del perfil, espere por favor..."
"State/Province:","Estado/Provincia:"
"Static Blocks","Bloques estáticos"
"Status","Progreso"
"Status:","Situación:"
"Stock Quantity:","Cantidad en existencias:"
"Stock notification was saved.","Se ha guardado la notificación de existencias."
"Store","Tienda"
"Store Email Addresses Section","Almacenar sección de direcciones de correo electrónico"
"Store View","Vista de tienda"
"Store:","Tienda:"
"Storefronts : ","Escaparates: "
"Stores","Tiendas"
"Subject","Asunto"
"Submit","Enviar"
"Subpackage cannot be conflicting.","El subpaquete no puede estar en conflicto."
"Subtotal","Subtotal"
"Switch/Solo card issue number: %s","Switch/Solo número de emisión de tarjeta: %s"
"Switch/Solo card start Date: %s/%s","Switch/Solo fecha de activación de la tarjeta: %s/%s"
"Switch/Solo/Maestro Only","Switch/Solo/Maestro únicamente"
"Switch/Solo/Maestro(UK Domestic) Only","Switch/Solo/Maestro(UK nacional) únicamente"
"Switch/Solo/Maestro(UK Domestic) card issue number: %s","Switch/Solo/Maestro(UK nacional) número de emisión de tarjeta: %s"
"Switch/Solo/Maestro(UK Domestic) card start Date: %s/%s","Switch/Solo/Maestro(UK nacional) fecha de activación de la tarjeta: %s%s"
"Symbol","Símbolo"
"Symlinks are enabled. This may expose security risks. We strongly recommend to disable them.","Los enlaces simbólicos están habilitados. Esto puede exponer los riesgos de seguridad. Recomendamos deshabilitarlos."
"Synchronization is required.","Se requiere sincronización."
"Synchronization of media storages has been successfully completed.","La sincronización de los almacenamientos de medios se ha completado correctamente."
"Synchronize","Sincronizar"
"Synchronizing %s to %s","Sincronizando %s con %s"
"Synchronizing...","Sincronizando..."
"System","Sistema"
"System Section","Sección de sistema"
"System busy","El sistema está ocupado"
"Tags","Etiquetas"
"Target Path","Destino de la ruta"
"Tax","Impuestos"
"Tb","Tb"
"Template","Plantilla"
"Template Content","Contenido de la plantilla"
"Template Information","Información de la plantilla"
"Template Name","Nombre de la plantilla"
"Template Styles","Estilos de plantilla"
"Template Subject","Asunto de la plantilla"
"Template Type","Tipo de plantilla"
"Temporary (302)","Temporal (302)"
"Terms and Conditions","Términos y condiciones"
"Text","Texto"
"The Catalog Rewrites were refreshed.","La reescritura del catálogo ha sido refrescada."
"The CatalogInventory Stock Status has been rebuilt.","Se ha reconstruido el estado de existancias del inventario de catálogo."
"The Comment Text field cannot be empty.","El campo para el comentario no puede estar vacío."
"The Flat Catalog Product was rebuilt","El cátalogo plano de artículos ha sido reconstruido."
"The JavaScript/CSS cache has been cleaned.","La caché de JavaScript/CSS se ha limpiado."
"The JavaScript/CSS cache has been cleared.","La caché de JavaScript/CSS se ha despejado."
"The Layered Navigation indexing has been queued.","La indexación de la navegación por capas se ha puesto en cola."
"The Layered Navigation indexing queue has been canceled.","La cola de indexación de la navegación por capas ha sido cancelada."
"The Layered Navigation indices were refreshed.","Los índices de navegación por capas han sido refrescados."
"The Layered Navigation process has been queued to be killed.","El proceso de navegación por capas ha sido puesto en cola para su finalización."
"The Magento cache storage has been flushed.","Se ha vaciado el almacenamiento de caché de Magento."
"The Special Price is active only when lower than the Actual Price.","El Precio Especial está activo sólo cuando es inferior al Precio Real."
"The URL Rewrite has been deleted.","La URL reescrita ha sido borrada."
"The URL Rewrite has been saved.","La URL reescrita ha sido guardada."
"The account has been saved.","La cuenta se ha guardado."
"The archive can be uncompressed with <a href=""%s"">%s</a> on Windows systems","El archivo se puede descomprimir con <a href=""%s"">%s</a> en sistemas Windows."
"The attribute set has been removed.","Se eliminó el conjunto de atributos."
"The backup's creation process will take time.","El proceso de creación de la copia de seguridad llevará tiempo."
"The billing agreement has been canceled.","Se ha cancelado el acuerdo de facturación."
"The billing agreement has been deleted.","Se ha eliminado el acuerdo de facturación."
"The block has been saved.","Se ha guardado el bloque."
"The cache storage has been flushed.","Se ha borrado el almacenamiento de memoria caché."
"The carrier needs to be specified.","Necesita especificarse el transportista."
"The catalog index has been rebuilt.","Se ha reconstruido el índice del catálogo."
"The catalog rewrites have been refreshed.","Se ha actualizado las reescrituras del catálogo."
"The configurable swatches image cache was cleaned.","Se ha limpiado la memoria caché de imagenes muestra configurables."
"The configuration has been saved.","Se ha guardo la configuración."
"The credit memo has been canceled.","La factura rectificativa ha sido cancelada."
"The credit memo has been created.","La factura rectificativa ha sido creada."
"The credit memo has been voided.","La factura rectificativa ha sido derogada."
"The custom variable has been deleted.","Se ha eliminado la variable personalizada."
"The custom variable has been saved.","Se ha guardado la variable personalizada."
"The customer has been deleted.","Se ha eliminado el cliente."
"The customer has been saved.","Se ha guardado el cliente."
"The design change has been deleted.","Se ha eliminado el cambio de diseño."
"The design change has been saved.","Se ha guardado el cambio de diseño."
"The email address is empty.","La dirección de correo electrónico está vacía."
"The email template has been deleted.","Se ha eliminado la plantilla de correo electrónico."
"The email template has been saved.","Se ha guardado la plantilla de correo electrónico."
"The flat catalog category has been rebuilt.","Se ha reconstruido la categoría de catálogo plana."
"The group node name must be specified with field node name.","Debe especificarse el nombre del nodo grupal con el nombre del nodo de campo."
"The image cache was cleaned.","Se ha limpiado la memoria caché de imágenes."
"The image cache was cleared.","Se ha borrado la memoria caché de imágenes."
"The invoice and shipment have been created.","La factura y el albarán se han creado."
"The invoice and the shipment  have been created. The shipping label cannot be created at the moment.","La factura y el albarán se han creado. La etiqueta de envío no se puede crear en este momento."
"The invoice and the shipment have been created. The shipping label cannot be created at the moment.","La factura y el albarán se han creado. La etiqueta de envío no se puede crear en este momento."
"The invoice has been canceled.","La factura ha sido cancelada."
"The invoice has been captured.","La factura ha sido capturada."
"The invoice has been created.","La factura ha sido creada."
"The invoice has been voided.","La factura se ha anulado."
"The invoice no longer exists.","La factura ya no existe."
"The item %s (SKU %s) does not exist in the catalog anymore.","El artículo %s (SKU %s) ya no existe en el catálogo."
"The order does not allow creating an invoice.","El pedido no permite crear una factura."
"The order no longer exists.","El pedido ya no existe."
"The poll has been deleted.","Se ha eliminado la encuesta."
"The poll has been saved.","Se ha guardado la encuesta."
"The profile has been deleted.","Se ha eliminado el perfil."
"The profile has been saved.","Se ha guardado el perfil."
"The profile has been updated.","Se ha actualizado el perfil."
"The profile has no changes.","El perfil no ha cambiado."
"The profile you are trying to save no longer exists","El perfil que está intentando guardar ya no existe."
"The rating has been deleted.","Se ha eliminado la valoración."
"The rating has been saved.","Se ha guardado la valoración."
"The role has been deleted.","Se han eliminado las funciones."
"The role has been saved.","Se han guardado las funciones."
"The role has been successfully saved.","Se han guardado correctamente las funciones."
"The roles have been refreshed.","Se ha actualizado las funciones."
"The search index has been rebuilt.","Se ha reconstrudio el índice de búsqueda."
"The shipment has been created.","Se ha creado el albarán."
"The shipment has been sent.","Se ha enviado el albarán."
"The shipping label has been created.","Se ha creado la etiqueta de envío."
"The tag has been deleted.","Se ha borrado la etiqueta."
"The tag has been saved.","Se ha guardado la etiqueta."
"The transaction details have been updated.","Se han actualizado los detalles de la transacción."
"The user has been deleted.","Se ha eliminado el usuario."
"The user has been saved.","Se ha guardado el usuario."
"The variable has been saved.","Se ha guardado el variable."
"Themes JavaScript and CSS files combined to one file.","Archivos de tema de JavaScript y CSS combinados en un archivo."
"There is an error in one of the option rows.","Se produjo un error en una de las filas de opción."
"This Account is","Esta cuenta es"
"This Email template no longer exists.","Esta plantilla de correo electrónico ya no existe."
"This Role no longer exists","Este rol ya no existe."
"This Role no longer exists.","Este rol ya no existe."
"This account is","Esta cuenta es"
"This account is inactive.","Esta cuenta está inactiva."
"This action cannot be undone.","Esta acción no se puede deshacer."
"This attribute set does not have attributes which we can use for configurable product","Este conjunto de atributos no tiene atributos que pueden ser utilizados para un artículo configurable."
"This attribute shares the same value in all the stores","Este atributo comparte el mismo valor en todas las tiendas."
"This block no longer exists.","Este bloque ya no existe."
"This category is set to only include products matched by rules","Esta categoría está establecida para incluir sólo los elementos que coinciden con las reglas"
"This is a demo store. Any orders placed through this store will not be honored or fulfilled.","Esta es una tienda de demostración. Cualquier pedido realizado a través de esta tienda no será honrado ni cumplido."
"This is a required field.","Este es un campo obligatorio."
"This product is currently disabled.","Este artículo está desactivado actualmente."
"This report depends on timezone configuration. Once timezone is changed, the lifetime statistics need to be refreshed.","Este informe depende de la configuración de la zona horaria. Una vez que se cambia la zona horaria, el periodo de extensión de las estadísticas ha de ser actualizado."
"This section is not allowed.","Esta sección no está permitida."
"This user no longer exists.","Este usuario ya no existe."
"This variable no longer exists.","Este variable ya no existe."
"Time","Hora"
"Time selection:","Selección de hora:"
"Time:","Hora:"
"Timeout limit for response from synchronize process was reached.","Se ha alcanzado el límite de tiempo de espera del proceso de sincronización."
"To","hasta"
"To cancel pending authorizations and release amounts that have already been processed during this payment, click Cancel.","Para cancelar autorizaciones pendientes y liberar importes que ya se han procesado durante este pago, haga clic en Cancelar."
"To use PayPal Payflow Link, you must configure your PayPal Payflow Link account on the PayPal website.","Para utilizar el Payflow Link de PayPal, tiene que configurar su cuenta de PayPal Payflow Link en la página web de PayPal."
"To use PayPal Payments Advanced, you must configure  your PayPal Payments Advanced account on the PayPal website.","Para utilizar el Payments Advanced de PayPal, tiene que configurar su cuenta de Payments Advanced en la página web de PayPal."
"To use PayPal Payments Advanced, you must configure your PayPal Payments Advanced account on the PayPal website.","Para utilizar el Payments Advanced de PayPal, tiene que configurar su cuenta de Payments Advanced en la página web de PayPal."
"Toggle Editor","Cambiar el editor"
"Tools","Herramientas"
"Top 5 Search Terms","Los 5 términos de búsqueda más importantes"
"Total","Total"
"Total Invoiced","Total facturado"
"Total Order Amount","Cantidad total del pedido"
"Total Refunded","Total devuelto"
"Total of %d record(s) have been deleted.","Se han eliminado un total de %d registro(s)."
"Total of %d record(s) have been updated.","Se han actualizado un total de %d registro(s)."
"Total of %d record(s) were canceled.","Se han cancelado un total de %d registro(s)."
"Total of %d record(s) were deleted","Se han eliminado un total de %d registro(s)."
"Total of %d record(s) were deleted.","Se han eliminado un total de %d registro(s)."
"Total of %d record(s) were updated","Se han actualizado un total de %d registro(s)."
"Total of %d record(s) were updated.","Se han actualizado un total de %d registro(s)."
"Track Order","Seguimiento del pedido"
"Track this shipment","Realizar seguimiento de este envío"
"Tracking number %s for %s assigned","El número de seguimiento %s asignado para %s."
"Tracking number cannot be empty.","El número de seguimiento no puede estar vacío."
"Transaction Data","Transacción Datos"
"Transaction Details","Transacción Detalles"
"Transaction ID","Transacción ID"
"Transaction Type","Transacción Tipo"
"Transactional Emails","Correos electrónicos transaccionales"
"Transactions","Transacciones"
"Try Magento Go for Free","Probar Magento Go de forma gratuita"
"Type","Tipo"
"Type:","Tipo:"
"URL Rewrite","Reescritura de la URL"
"URL Rewrite Information","Información de reescritura de URL"
"URL Rewrite Management","Gestionar la reescritura de URL"
"Unable to cancel the credit memo.","No se puede cancelar la factura rectificativa."
"Unable to find a Email Template to delete.","No se puede encontrar plantilla de email para eliminar."
"Unable to find a block to delete.","No se puede encontrar un bloque para eliminar."
"Unable to find a poll to delete.","No se puede encontrar una encuesta para eliminar."
"Unable to find a tag to delete.","No se puede encontrar una etiqueta para eliminar."
"Unable to find a user to delete.","No se puede encontrar un usuario para eliminar."
"Unable to find a variable to delete.","No se puede encontrar un variable para eliminar."
"Unable to initialize import model","Imposible iniciar el modelo de importación."
"Unable to refresh lifetime statistics.","Imposible actualizar las estadísticas totales."
"Unable to refresh recent statistics.","Imposible actualizar las estadísticas más recientes."
"Unable to save Cron expression","Imposible guardar la expresión de cron."
"Unable to save the cron expression.","Imposible guardar la expresión de cron."
"Unable to save the invoice.","Imposible guardar la factura."
"Unable to send the invoice email.","Imposible mandar la factura por correo electrónico."
"Unable to send the shipment email.","Imposible mandar el aviso de envío por correo electrónico."
"Unable to update transaction details.","No es posible actualizar la información de la transación."
"Unable to void the credit memo.","La factura rectificativa no puede retirarse."
"Unknown","Desconocido"
"Unlimited","Ilimitado"
"Update","Actualizar"
"Updated At","Actualizado en"
"Upload File","Subir archivo"
"Upload Files","Subir archivos"
"Upload HTTP Error","Error de HTTP en la subida"
"Upload I/O Error","Error de I/O en la subida"
"Upload Security Error","Error de seguridad en la subida"
"Upload import file","Subir archivo de importación"
"Uploaded file is larger than %.2f kilobytes allowed by server","El archivo subido supera los %.2f kb que permite el servidor"
"Use All Available Attributes","Usar todos los atributos disponibles"
"Use Config Settings","Usar opciones de configuración"
"Use Default","Usar configuración por defecto"
"Use Default Value","Usar valor por defecto"
"Use Default Variable Values","Usar los valores de variables por defecto"
"Use FTP Connection","Usar conexión FTP"
"Use Website","Usar sitio web"
"Used Currently For","Actualmente utilizado para"
"Used as Default For","Utilizado por defecto para"
"User Email","Dirección de correo del usuario"
"User ID","ID usuario"
"User Info","Información del usuario"
"User Information","Información del usuario"
"User Name","Nombre del usuario"
"User Name is required field.","Se requiere rellenar el campo 'nombre del usuario'."
"User Name:","Nombre del usuario:"
"User Password","Contraseña del usuario"
"User Role","Función de usuario"
"User Roles","Funciones de usuario"
"User Roles Information","Información de funciones del usuario"
"User Type Resources","Recursos para tipos de usuarios"
"User name","Nombre de usuario"
"Users","Usuarios"
"Utilities","Utilidades"
"VAT Number is Invalid","El número de IVA es inválido"
"VAT Number is Valid","El número de IVA es válido"
"Validation Results","Resultados de validación"
"Value","Valor"
"Value Delimiter:","Delimitador de valor:"
"Variable","Variable"
"Variable Code","Código de variable"
"Variable Details","Detalles de variable"
"Variable HTML Value","Valor de variable HTML"
"Variable ID","ID de variable"
"Variable Name","Nombre de variable"
"Variable Name is incorrect.","Nombre de variable no es correcto."
"Variable Name is required field.","Hay que nombrar el variable."
"Variable Plain Value","Valor de variable simple"
"Variable has been deleted.","El variable ha sido eliminado."
"Variables","Variables"
"Verifier code: %s","Código de verificación: %s"
"View Actions XML","Ver acciones XML"
"View Full Size","Ver a tamaño completo"
"View Memo","Ver commentario"
"View Memo for #%s","Ver commentario para nº %s"
"View Shipment","Ver envío"
"View Statistics For:","Ver estadísticas de:"
"Visibility:","Visibilidad:"
"Warning","Aviso"
"Warning! Empty value can cause problems with CSV format.","¡Atención! Los valores vacíos pueden causar problemas con el formato CSV."
"Warning!\r\nThis action will remove this user from already assigned role\r\nAre you sure?","¡Atención!\r\nLa acción eliminará al usuario de una función ya asignado.\r\n¿Está seguro?"
"Warning!\r\nThis action will remove those users from already assigned roles\r\nAre you sure?","¡Atención!\r\nLa acción eliminará aquellos usuarios de las funciones ya asignados.\r\n¿Está seguro?"
"Warning: Please do not close the window during importing/exporting data","¡Atención! No cierre la ventana mientras importa/exporta datos."
"Watermark File for %s","Archivo de marca de agua para %s"
"We appreciate our merchants\' feedback, please <a href=""#"" onclick=""surveyAction(\'yes\'); return false;"">take our survey</a> to provide insight on the features you would like included in Magento. <a href=""#"" onclick=""surveyAction(\'no\'); return false;"">Remove this notification</a>","Agradecemos los comentarios de nuestros vendedores. Por favor, <a href=""#"" onclick=""surveyAction(\'yes\'); return false;"">rellene nuestra encuesta</a> para indicarnos las funcionalidades que querría ver en Magento. <a href=""#"" onclick=""surveyAction(\'no\'); return false;"">Eliminar esta notificación</a>."
"We\'re in our typing table, coding away more features for Magento. Thank you for your patience.","Estamos en nuestro escritorio, codificando más características para Magento. Gracias por su paciencia."
"Web Section","Sección web"
"Web Services","Servicios web"
"Web services","Servicios web"
"Website","Sitio web"
"What is this?","¿Qué es esto?"
"Wishlist Report","Informe de lista de deseos"
"Wishlist item is not loaded.","El artículo de la lista de intención de compra no está cargado."
"Wrong account specified.","La cuenta especificada es errónea."
"Wrong billing agreement ID specified.","Se ha especificado un ID de acuerdo de facturación no válido."
"Wrong column format.","Formato de columna erróneo."
"Wrong newsletter template.","Plantilla de boletín de noticias errónea."
"Wrong quote item.","Artículo mal expresado."
"Wrong tab configuration.","Configuración de pestañas no válida."
"Wrong tag was specified.","Se ha especificado una etiqueta errónea."
"Wrong transaction ID specified.","ID de transacción especificada errónea."
"XML","XML"
"XML data is invalid.","Datos XML no están válidos."
"XML object is not instance of ""Varien_Simplexml_Element"".","El objeto XML no es instancia de  ""Varien_Simplexml_Element""."
"YTD","1 año hasta hoy"
"Year","Año"
"Yes","Sí"
"Yes (301 Moved Permanently)","Sí (301 – movido permanentemente)"
"Yes (302 Found)","Sí (302 – encontrado)"
"Yes (only price with tax)","Si (solo el precio con impuestos)"
"You cannot delete your own account.","No puede borrar su propia cuenta."
"You did not sign in correctly or your account is temporarily disabled.","No ha iniciado sesión correctamente o su cuenta está deshabilitada temporalmente."
"You have %s unread message(s).","Tiene %s mensaje(s) sin leer."
"You have %s unread message(s). <a href=""%s"">Go to messages inbox</a>.","Tiene %s mensaje(s) sin leer. <a>Ir a la bandeja de entrada</a>."
"You have %s, %s and %s unread messages. <a href=""%s"">Go to messages inbox</a>.","Tiene %s, %s y %s mensajes sin leer. <a>Ir a la bandeja de entrada</a>."
"You have logged out.","Se ha desconectado."
"You have not enough permissions to use this functionality.","No tiene suficientes permisos para usar esta funcionalidad."
"You must have JavaScript enabled in your browser to utilize the functionality of this website.","Debe tener activado JavaScript en su navegador para utilizar la funcionalidad de esta página web."
"You need to specify order items.","Tiene que especificar artículos pedidos."
"You will need to wait when the action ends.","Tendrá que esperar hasta que termine el proceso en acción."
"Your answers contain duplicates.","Sus respuestas contienen duplicados."
"Your password has been updated.","Se ha actualizado su contraseña."
"Your password reset link has expired.","El enlace para restablecer la contraseña ha caducado."
"Your server PHP settings allow you to upload files not more than %s at a time. Please modify post_max_size (currently is %s) and upload_max_filesize (currently is %s) values in php.ini if you want to upload larger files.","La configuración PHP de su servidor sólo le permite subir archivos de no más de %s de una vez. Modifique los valores de post_max_size (actualmente es %s) y upload_max_filesize (actualmente es %s) de php.ini si quiere subir archivos mayores."
"Your web server is configured incorrectly. As a result, configuration files with sensitive information are accessible from the outside. Please contact your hosting provider.","Su servidor web está configurado incorrectamente. Como resultado, los ficheros de configuración con información confidencial son accesibles desde fuera. Por favor, contacte a su proveedor de alojamiento."
"Zip/Postal Code","Código postal"
"Zip/Postal Code:","Código postal:"
"[ deleted ]","[ eliminado ]"
"[GLOBAL]","[GLOBAL]"
"[STORE VIEW]","[VISTA DE TIENDA]"
"[WEBSITE]","[SITIO WEB]"
"b","b"
"close","cerrar"
"critical","crítico"
"example: ""sitemap/"" or ""/"" for base path (path must be writeable)","ejemplo: ""sitemap/"" o ""/"" para la ruta base (la ruta debe poder reescribirse)"
"example: sitemap.xml","ejemplo: sitemap.xml"
"failed","fallado"
"from","desde"
"major","mayor"
"minor","menor"
"notice","aviso"
"store(%s) scope","ámbito de almacenamiento(%s)"
"successful","exitosamente"
"to","hasta"
"website(%s) scope","ámbito de sitio web (%s)"
"{{base_url}} is not recommended to use in a production environment to declare the Base Unsecure URL / Base Secure URL. It is highly recommended to change this value in your Magento <a href=""%s"">configuration</a>.","No es recomendado usar {{base_url}} en un ambiente de producción para declarar la URL Base Insegura / URL Base Segura. Es altamente recomendable cambiar este valor en su <a href=""%s"">configuración</a> de Magento."
